,NUTS_ID,NUTS_NAME,CNTR_CODE,LEVL_CODE
0,AL,SHQIPËRIA,AL,0
1,CZ,ČESKÁ REPUBLIKA,CZ,0
2,DE,DEUTSCHLAND,DE,0
3,DK,DANMARK,DK,0
4,CY,ΚΥΠΡΟΣ,CY,0
5,AT,ÖSTERREICH,AT,0
6,BE,BELGIQUE-BELGIË,BE,0
7,BG,БЪЛГАРИЯ,BG,0
8,CH,SCHWEIZ/SUISSE/SVIZZERA,CH,0
9,EE,EESTI,EE,0
10,EL,ΕΛΛΑΔΑ,EL,0
11,ES,ESPAÑA,ES,0
12,FI,SUOMI / FINLAND,FI,0
13,FR,FRANCE,FR,0
14,HR,HRVATSKA,HR,0
15,HU,MAGYARORSZÁG,HU,0
16,IE,IRELAND,IE,0
17,IS,ÍSLAND,IS,0
18,IT,ITALIA,IT,0
19,LT,LIETUVA,LT,0
20,LU,LUXEMBOURG,LU,0
21,NL,NEDERLAND,NL,0
22,NO,NORGE,NO,0
23,LV,LATVIJA,LV,0
24,ME,ЦРНА ГОРА,ME,0
25,MT,MALTA,MT,0
26,MK,North Macedonia,MK,0
27,LI,LIECHTENSTEIN,LI,0
28,PL,POLSKA,PL,0
29,SI,SLOVENIJA,SI,0
30,SK,SLOVENSKO,SK,0
31,TR,TÜRKIYE,TR,0
32,UK,UNITED KINGDOM,UK,0
33,RS,REPUBLIKA SRBIJA /РЕПУБЛИКА СРБИЈА,RS,0
34,SE,SVERIGE,SE,0
35,PT,PORTUGAL,PT,0
36,RO,ROMÂNIA,RO,0
0,BE3,RÉGION WALLONNE,BE,1
1,CH0,SCHWEIZ/SUISSE/SVIZZERA,CH,1
2,DE1,BADEN-WÜRTTEMBERG,DE,1
3,CY0,ΚΥΠΡΟΣ,CY,1
4,DEA,NORDRHEIN-WESTFALEN,DE,1
5,BG3,СЕВЕРНА И ЮГОИЗТОЧНА БЪЛГАРИЯ,BG,1
6,DE7,HESSEN,DE,1
7,EL5,ΒΟΡΕΙΑ ΕΛΛΑΔΑ,EL,1
8,EL6,ΚΕΝΤΡΙΚΗ ΕΛΛΑΔΑ,EL,1
9,DE4,BRANDENBURG,DE,1
10,EE0,EESTI,EE,1
11,DEB,RHEINLAND-PFALZ,DE,1
12,BE2,VLAAMS GEWEST,BE,1
13,DEF,SCHLESWIG-HOLSTEIN,DE,1
14,DEC,SAARLAND,DE,1
15,DEE,SACHSEN-ANHALT,DE,1
16,DED,SACHSEN,DE,1
17,EL3,ATTIKΗ,EL,1
18,EL4,"NΗΣΙΑ ΑΙΓΑΙΟΥ, KΡΗΤΗ",EL,1
19,DEG,THÜRINGEN,DE,1
20,DK0,DANMARK,DK,1
21,DE2,BAYERN,DE,1
22,DE3,BERLIN,DE,1
23,DE8,MECKLENBURG-VORPOMMERN,DE,1
24,CZ0,ČESKÁ REPUBLIKA,CZ,1
25,DE5,BREMEN,DE,1
26,DE6,HAMBURG,DE,1
27,BG4,ЮГОЗАПАДНА И ЮЖНА ЦЕНТРАЛНА БЪЛГАРИЯ,BG,1
28,DE9,NIEDERSACHSEN,DE,1
29,AL0,SHQIPËRIA,AL,1
30,AT1,OSTÖSTERREICH,AT,1
31,ES4,CENTRO (ES),ES,1
32,ES7,CANARIAS,ES,1
33,FI1,MANNER-SUOMI,FI,1
34,MT0,MALTA,MT,1
35,NL4,ZUID-NEDERLAND,NL,1
36,NO0,NORGE,NO,1
37,FR1,ILE-DE-FRANCE,FR,1
38,FRC,BOURGOGNE-FRANCHE-COMTÉ,FR,1
39,FRE,NORD-PAS DE CALAIS-PICARDIE,FR,1
40,FRG,PAYS DE LA LOIRE,FR,1
41,FRB,CENTRE - VAL DE LOIRE,FR,1
42,FRD,NORMANDIE,FR,1
43,ES2,NORESTE,ES,1
44,FRF,ALSACE-CHAMPAGNE-ARDENNE-LORRAINE,FR,1
45,ES1,NOROESTE,ES,1
46,ES3,COMUNIDAD DE MADRID,ES,1
47,ES6,SUR,ES,1
48,ES5,ESTE,ES,1
49,FI2,ÅLAND,FI,1
50,ITG,ISOLE,IT,1
51,FRH,BRETAGNE,FR,1
52,AT3,WESTÖSTERREICH,AT,1
53,BE1,RÉGION DE BRUXELLES-CAPITALE/BRUSSELS HOOFDSTEDELIJK GEWEST,BE,1
54,FRL,PROVENCE-ALPES-CÔTE D’AZUR,FR,1
55,ITH,NORD-EST,IT,1
56,FRI,AQUITAINE-LIMOUSIN-POITOU-CHARENTES,FR,1
57,ITC,NORD-OVEST,IT,1
58,LT0,LIETUVA,LT,1
59,LU0,LUXEMBOURG,LU,1
60,LI0,LIECHTENSTEIN,LI,1
61,FRK,AUVERGNE-RHÔNE-ALPES,FR,1
62,FRY,RUP FR - RÉGIONS ULTRAPÉRIPHÉRIQUES FRANÇAISES,FR,1
63,HR0,HRVATSKA,HR,1
64,HU1,KÖZÉP-MAGYARORSZÁG,HU,1
65,ITI,CENTRO (IT),IT,1
66,FRJ,LANGUEDOC-ROUSSILLON-MIDI-PYRÉNÉES,FR,1
67,FRM,CORSE,FR,1
68,HU2,DUNÁNTÚL,HU,1
69,ITF,SUD,IT,1
70,HU3,ALFÖLD ÉS ÉSZAK,HU,1
71,IE0,IRELAND,IE,1
72,IS0,ÍSLAND,IS,1
73,AT2,SÜDÖSTERREICH,AT,1
74,PL4,MAKROREGION PÓŁNOCNO-ZACHODNI,PL,1
75,PL8,MAKROREGION WSCHODNI,PL,1
76,RO2,MACROREGIUNEA DOI,RO,1
77,PL9,MAKROREGION WOJEWÓDZTWO MAZOWIECKIE,PL,1
78,RS2,Србија - југ,RS,1
79,SE1,ÖSTRA SVERIGE,SE,1
80,SE2,SÖDRA SVERIGE,SE,1
81,SE3,NORRA SVERIGE,SE,1
82,PL7,MAKROREGION CENTRALNY,PL,1
83,RO4,MACROREGIUNEA PATRU,RO,1
84,PL2,MAKROREGION POŁUDNIOWY,PL,1
85,RS1,Србија - север,RS,1
86,UKH,EAST OF ENGLAND,UK,1
87,UKI,LONDON,UK,1
88,UKC,NORTH EAST (ENGLAND),UK,1
89,UKJ,SOUTH EAST (ENGLAND),UK,1
90,UKD,NORTH WEST (ENGLAND),UK,1
91,UKN,NORTHERN IRELAND,UK,1
92,SK0,SLOVENSKO,SK,1
93,PT1,CONTINENTE,PT,1
94,PT2,REGIÃO AUTÓNOMA DOS AÇORES,PT,1
95,PT3,REGIÃO AUTÓNOMA DA MADEIRA,PT,1
96,UKE,YORKSHIRE AND THE HUMBER,UK,1
97,PL5,MAKROREGION POŁUDNIOWO-ZACHODNI,PL,1
98,UKK,SOUTH WEST (ENGLAND),UK,1
99,RO3,MACROREGIUNEA TREI,RO,1
100,UKF,EAST MIDLANDS (ENGLAND),UK,1
101,RO1,MACROREGIUNEA UNU,RO,1
102,SI0,SLOVENIJA,SI,1
103,PL6,MAKROREGION PÓŁNOCNY,PL,1
104,UKG,WEST MIDLANDS (ENGLAND),UK,1
105,LV0,LATVIJA,LV,1
106,ME0,ЦРНА ГОРА,ME,1
107,UKL,WALES,UK,1
108,UKM,SCOTLAND,UK,1
109,MK0,Severna Makedonija,MK,1
110,NL1,NOORD-NEDERLAND,NL,1
111,NL2,OOST-NEDERLAND,NL,1
112,NL3,WEST-NEDERLAND,NL,1
113,TR1,ISTANBUL,TR,1
114,TR2,BATI MARMARA,TR,1
115,TRC,GÜNEYDOGU ANADOLU,TR,1
116,TR7,ORTA ANADOLU,TR,1
117,TR6,AKDENIZ,TR,1
118,TR8,BATI KARADENIZ,TR,1
119,TR4,DOGU MARMARA,TR,1
120,TR3,EGE,TR,1
121,TRA,KUZEYDOGU ANADOLU,TR,1
122,TR9,DOGU KARADENIZ,TR,1
123,TR5,BATI ANADOLU,TR,1
124,TRB,ORTADOGU ANADOLU,TR,1
0,CH02,Espace Mittelland,CH,2
1,CH03,Nordwestschweiz,CH,2
2,AL02,Qender,AL,2
3,AL03,Jug,AL,2
4,BG33,Североизточен,BG,2
5,DE13,Freiburg,DE,2
6,CZ05,Severovýchod,CZ,2
7,AT32,Salzburg,AT,2
8,CH04,Zürich,CH,2
9,CH05,Ostschweiz,CH,2
10,ES53,Illes Balears,ES,2
11,BG34,Югоизточен,BG,2
12,AT11,Burgenland,AT,2
13,BG41,Югозападен,BG,2
14,AT33,Tirol,AT,2
15,DE14,Tübingen,DE,2
16,AT34,Vorarlberg,AT,2
17,BE10,Région de Bruxelles-Capitale/ Brussels Hoofdstedelijk Gewest,BE,2
18,BE21,Prov. Antwerpen,BE,2
19,BG42,Южен централен,BG,2
20,CZ08,Moravskoslezsko,CZ,2
21,DE21,Oberbayern,DE,2
22,CH06,Zentralschweiz,CH,2
23,CZ02,Střední Čechy,CZ,2
24,AT22,Steiermark,AT,2
25,BG32,Северен централен,BG,2
26,CH01,Région lémanique,CH,2
27,BE24,Prov. Vlaams-Brabant,BE,2
28,BE25,Prov. West-Vlaanderen,BE,2
29,CZ06,Jihovýchod,CZ,2
30,CH07,Ticino,CH,2
31,AT12,Niederösterreich,AT,2
32,AT13,Wien,AT,2
33,AT21,Kärnten,AT,2
34,BE31,Prov. Brabant Wallon,BE,2
35,BE32,Prov. Hainaut,BE,2
36,CZ03,Jihozápad,CZ,2
37,CY00,Κύπρος,CY,2
38,CZ01,Praha,CZ,2
39,BE22,Prov. Limburg (BE),BE,2
40,BE23,Prov. Oost-Vlaanderen,BE,2
41,BE33,Prov. Liège,BE,2
42,CZ07,Střední Morava,CZ,2
43,ES12,Principado de Asturias,ES,2
44,BE34,Prov. Luxembourg (BE),BE,2
45,DE11,Stuttgart,DE,2
46,DE22,Niederbayern,DE,2
47,BE35,Prov. Namur,BE,2
48,CZ04,Severozápad,CZ,2
49,ES24,Aragón,ES,2
50,ES30,Comunidad de Madrid,ES,2
51,BG31,Северозападен,BG,2
52,DE12,Karlsruhe,DE,2
53,AL01,Veri,AL,2
54,AT31,Oberösterreich,AT,2
55,DE73,Kassel,DE,2
56,DK04,Midtjylland,DK,2
57,DE40,Brandenburg,DE,2
58,DE93,Lüneburg,DE,2
59,ITH3,Veneto,IT,2
60,EL41,Βόρειο Αιγαίο,EL,2
61,EL42,Νότιο Αιγαίο,EL,2
62,EL65,Πελοπόννησος,EL,2
63,DEB1,Koblenz,DE,2
64,EE00,Eesti,EE,2
65,DE94,Weser-Ems,DE,2
66,DEB2,Trier,DE,2
67,DE80,Mecklenburg-Vorpommern,DE,2
68,DEA3,Münster,DE,2
69,DK03,Syddanmark,DK,2
70,DE24,Oberfranken,DE,2
71,DE27,Schwaben,DE,2
72,DE71,Darmstadt,DE,2
73,EL61,Θεσσαλία,EL,2
74,DE91,Braunschweig,DE,2
75,ITG1,Sicilia,IT,2
76,EL64,Στερεά Ελλάδα,EL,2
77,DEA4,Detmold,DE,2
78,EL30,Aττική,EL,2
79,EL43,Κρήτη,EL,2
80,DE25,Mittelfranken,DE,2
81,ITG2,Sardegna,IT,2
82,ITH1,Provincia Autonoma di Bolzano/Bozen,IT,2
83,DE72,Gießen,DE,2
84,ITH2,Provincia Autonoma di Trento,IT,2
85,EL62,Ιόνια Νησιά,EL,2
86,EL63,Δυτική Ελλάδα,EL,2
87,DK05,Nordjylland,DK,2
88,DE92,Hannover,DE,2
89,EL51,"Aνατολική Μακεδονία, Θράκη",EL,2
90,DEA5,Arnsberg,DE,2
91,EL52,Κεντρική Μακεδονία,EL,2
92,DE23,Oberpfalz,DE,2
93,DE26,Unterfranken,DE,2
94,EL53,Δυτική Μακεδονία,EL,2
95,EL54,Ήπειρος,EL,2
96,FI20,Åland,FI,2
97,ES42,Castilla-La Mancha,ES,2
98,DEA1,Düsseldorf,DE,2
99,ES11,Galicia,ES,2
100,FRB0,Centre - Val de Loire,FR,2
101,DEB3,Rheinhessen-Pfalz,DE,2
102,ES70,Canarias,ES,2
103,FI19,Länsi-Suomi,FI,2
104,DED2,Dresden,DE,2
105,FR10,Ile-de-France,FR,2
106,DE30,Berlin,DE,2
107,DE50,Bremen,DE,2
108,DE60,Hamburg,DE,2
109,ES43,Extremadura,ES,2
110,DED4,Chemnitz,DE,2
111,ES13,Cantabria,ES,2
112,DEA2,Köln,DE,2
113,DEC0,Saarland,DE,2
114,DEE0,Sachsen-Anhalt,DE,2
115,DK02,Sjælland,DK,2
116,ES21,País Vasco,ES,2
117,ES22,Comunidad Foral de Navarra,ES,2
118,DEG0,Thüringen,DE,2
119,DK01,Hovedstaden,DK,2
120,ES41,Castilla y León,ES,2
121,DED5,Leipzig,DE,2
122,DEF0,Schleswig-Holstein,DE,2
123,FI1B,Helsinki-Uusimaa,FI,2
124,FI1C,Etelä-Suomi,FI,2
125,FI1D,Pohjois- ja Itä-Suomi,FI,2
126,ES51,Cataluña,ES,2
127,ES23,La Rioja,ES,2
128,ES52,Comunidad Valenciana,ES,2
129,ES61,Andalucía,ES,2
130,ES62,Región de Murcia,ES,2
131,ES63,Ciudad Autónoma de Ceuta,ES,2
132,ES64,Ciudad Autónoma de Melilla,ES,2
133,FRJ1,Languedoc-Roussillon,FR,2
134,HR03,Jadranska Hrvatska,HR,2
135,HR04,Kontinentalna Hrvatska,HR,2
136,HU11,Budapest,HU,2
137,FRI2,Limousin,FR,2
138,FRD2,Haute-Normandie,FR,2
139,FRI3,Poitou-Charentes,FR,2
140,ME00,Црна Гора,ME,2
141,FRY4,La Réunion,FR,2
142,FRY5,Mayotte,FR,2
143,MK00,Severna Makedonija,MK,2
144,MT00,Malta,MT,2
145,NO02,Hedmark og Oppland,NO,2
146,NO03,Sør-Østlandet,NO,2
147,NO04,Agder og Rogaland,NO,2
148,NO05,Vestlandet,NO,2
149,NO06,Trøndelag,NO,2
150,NO07,Nord-Norge,NO,2
151,ITI1,Toscana,IT,2
152,ITI2,Umbria,IT,2
153,NL11,Groningen,NL,2
154,NL12,Friesland (NL),NL,2
155,NL13,Drenthe,NL,2
156,ITI3,Marche,IT,2
157,LI00,Liechtenstein,LI,2
158,LT01,Sostinės regionas,LT,2
159,NL21,Overijssel,NL,2
160,NL22,Gelderland,NL,2
161,ITI4,Lazio,IT,2
162,NL23,Flevoland,NL,2
163,NL31,Utrecht,NL,2
164,NL32,Noord-Holland,NL,2
165,NL33,Zuid-Holland,NL,2
166,NL34,Zeeland,NL,2
167,NL41,Noord-Brabant,NL,2
168,NL42,Limburg (NL),NL,2
169,LT02,Vidurio ir vakarų Lietuvos regionas,LT,2
170,NO01,Oslo og Akershus,NO,2
171,ITH4,Friuli-Venezia Giulia,IT,2
172,LU00,Luxembourg,LU,2
173,LV00,Latvija,LV,2
174,ITH5,Emilia-Romagna,IT,2
175,PL92,Mazowiecki regionalny,PL,2
176,RO12,Centru,RO,2
177,RS12,Регион Војводине,RS,2
178,FRD1,Basse-Normandie,FR,2
179,PT11,Norte,PT,2
180,SE21,Småland med öarna,SE,2
181,SI04,Zahodna Slovenija,SI,2
182,PL22,Śląskie,PL,2
183,PT16,Centro (PT),PT,2
184,RO21,Nord-Est,RO,2
185,PL51,Dolnośląskie,PL,2
186,PL52,Opolskie,PL,2
187,PL61,Kujawsko-pomorskie,PL,2
188,RO22,Sud-Est,RO,2
189,RO11,Nord-Vest,RO,2
190,PL41,Wielkopolskie,PL,2
191,PL62,Warmińsko-mazurskie,PL,2
192,PT15,Algarve,PT,2
193,RO31,Sud - Muntenia,RO,2
194,PL42,Zachodniopomorskie,PL,2
195,PL63,Pomorskie,PL,2
196,RS22,Регион Јужне и Источне Србије,RS,2
197,SE11,Stockholm,SE,2
198,SE12,Östra Mellansverige,SE,2
199,PT17,Área Metropolitana de Lisboa,PT,2
200,PL43,Lubuskie,PL,2
201,PL71,Łódzkie,PL,2
202,PT18,Alentejo,PT,2
203,PL21,Małopolskie,PL,2
204,PL72,Świętokrzyskie,PL,2
205,PT20,Região Autónoma dos Açores,PT,2
206,PT30,Região Autónoma da Madeira,PT,2
207,PL81,Lubelskie,PL,2
208,PL82,Podkarpackie,PL,2
209,RO32,Bucureşti - Ilfov,RO,2
210,RS11,Београдски регион,RS,2
211,RS21,Регион Шумадије и Западне Србије,RS,2
212,PL84,Podlaskie,PL,2
213,PL91,Warszawski stołeczny,PL,2
214,RO41,Sud-Vest Oltenia,RO,2
215,RO42,Vest,RO,2
216,FRI1,Aquitaine,FR,2
217,FRY1,Guadeloupe,FR,2
218,FRY2,Martinique,FR,2
219,FRC1,Bourgogne,FR,2
220,FRJ2,Midi-Pyrénées,FR,2
221,HU31,Észak-Magyarország,HU,2
222,ITF1,Abruzzo,IT,2
223,ITF2,Molise,IT,2
224,FRC2,Franche-Comté,FR,2
225,FRY3,Guyane,FR,2
226,FRK1,Auvergne,FR,2
227,ITC1,Piemonte,IT,2
228,ITC2,Valle d'Aosta/Vallée d'Aoste,IT,2
229,ITC4,Lombardia,IT,2
230,ITF3,Campania,IT,2
231,FRF3,Lorraine,FR,2
232,HU23,Dél-Dunántúl,HU,2
233,HU12,Pest,HU,2
234,IE06,Eastern and Midland,IE,2
235,IS00,Ísland,IS,2
236,FRL0,Provence-Alpes-Côte d’Azur,FR,2
237,FRH0,Bretagne,FR,2
238,HU32,Észak-Alföld,HU,2
239,HU33,Dél-Alföld,HU,2
240,IE04,Northern and Western,IE,2
241,IE05,Southern,IE,2
242,ITF4,Puglia,IT,2
243,HU21,Közép-Dunántúl,HU,2
244,FRE2,Picardie,FR,2
245,ITF5,Basilicata,IT,2
246,ITF6,Calabria,IT,2
247,FRF1,Alsace,FR,2
248,HU22,Nyugat-Dunántúl,HU,2
249,FRG0,Pays de la Loire,FR,2
250,FRF2,Champagne-Ardenne,FR,2
251,ITC3,Liguria,IT,2
252,FRK2,Rhône-Alpes,FR,2
253,FRM0,Corse,FR,2
254,FRE1,Nord-Pas de Calais,FR,2
255,UKM7,Eastern Scotland,UK,2
256,SK02,Západné Slovensko,SK,2
257,UKG1,"Herefordshire, Worcestershire and Warwickshire",UK,2
258,UKH3,Essex,UK,2
259,UKL2,East Wales,UK,2
260,UKM5,North Eastern Scotland,UK,2
261,UKM6,Highlands and Islands,UK,2
262,UKM9,Southern Scotland,UK,2
263,SK03,Stredné Slovensko,SK,2
264,UKJ1,"Berkshire, Buckinghamshire and Oxfordshire",UK,2
265,UKG2,Shropshire and Staffordshire,UK,2
266,UKL1,West Wales and The Valleys,UK,2
267,UKM8,West Central Scotland,UK,2
268,SK04,Východné Slovensko,SK,2
269,UKJ2,"Surrey, East and West Sussex",UK,2
270,UKH1,East Anglia,UK,2
271,UKN0,Northern Ireland,UK,2
272,SK01,Bratislavský kraj,SK,2
273,UKC1,Tees Valley and Durham,UK,2
274,UKC2,Northumberland and Tyne and Wear,UK,2
275,UKF3,Lincolnshire,UK,2
276,UKH2,Bedfordshire and Hertfordshire,UK,2
277,SE31,Norra Mellansverige,SE,2
278,UKD1,Cumbria,UK,2
279,UKD3,Greater Manchester,UK,2
280,UKE2,North Yorkshire,UK,2
281,SI03,Vzhodna Slovenija,SI,2
282,UKJ3,Hampshire and Isle of Wight,UK,2
283,UKK3,Cornwall and Isles of Scilly,UK,2
284,SE23,Västsverige,SE,2
285,UKE3,South Yorkshire,UK,2
286,UKD4,Lancashire,UK,2
287,UKE4,West Yorkshire,UK,2
288,UKG3,West Midlands,UK,2
289,SE32,Mellersta Norrland,SE,2
290,SE33,Övre Norrland,SE,2
291,UKJ4,Kent,UK,2
292,UKK4,Devon,UK,2
293,UKD6,Cheshire,UK,2
294,UKD7,Merseyside,UK,2
295,UKF1,Derbyshire and Nottinghamshire,UK,2
296,UKK1,"Gloucestershire, Wiltshire and Bristol/Bath area",UK,2
297,UKF2,"Leicestershire, Rutland and Northamptonshire",UK,2
298,SE22,Sydsverige,SE,2
299,UKE1,East Yorkshire and Northern Lincolnshire,UK,2
300,UKK2,Dorset and Somerset,UK,2
301,UKI7,Outer London - West and North West,UK,2
302,UKI3,Inner London - West,UK,2
303,UKI4,Inner London - East,UK,2
304,UKI5,Outer London - East and North East,UK,2
305,UKI6,Outer London - South,UK,2
306,TR82,"Kastamonu, Çankiri, Sinop",TR,2
307,TR83,"Samsun, Tokat, Çorum, Amasya",TR,2
308,TR90,Trabzon,TR,2
309,TRA1,"Erzurum, Erzincan, Bayburt",TR,2
310,TRA2,"Agri, Kars, Igdir, Ardahan",TR,2
311,TRB1,"Malatya, Elazig, Bingöl, Tunceli",TR,2
312,TRB2,"Van, Mus, Bitlis, Hakkari",TR,2
313,TR63,"Hatay, Kahramanmaras, Osmaniye",TR,2
314,TR71,"Kirikkale, Aksaray, Nigde, Nevsehir, Kirsehir",TR,2
315,TRC1,"Gaziantep, Adiyaman, Kilis",TR,2
316,TRC2,"Sanliurfa, Diyarbakir",TR,2
317,TRC3,"Mardin, Batman, Sirnak, Siirt",TR,2
318,TR72,"Kayseri, Sivas, Yozgat",TR,2
319,TR81,"Zonguldak, Karabük, Bartin",TR,2
320,TR33,"Manisa, Afyonkarahisar, Kütahya, Usak",TR,2
321,TR41,"Bursa, Eskisehir, Bilecik",TR,2
322,TR22,"Balikesir, Çanakkale",TR,2
323,TR21,"Tekirdag, Edirne, Kirklareli",TR,2
324,TR61,"Antalya, Isparta, Burdur",TR,2
325,TR62,"Adana, Mersin",TR,2
326,TR31,Izmir,TR,2
327,TR42,"Kocaeli, Sakarya, Düzce, Bolu, Yalova",TR,2
328,TR51,Ankara,TR,2
329,TR52,"Konya, Karaman",TR,2
330,TR10,Istanbul,TR,2
331,TR32,"Aydin, Denizli, Mugla",TR,2
0,HR043,Krapinsko-zagorska županija,HR,3
1,AT314,Steyr-Kirchdorf,AT,3
2,AT315,Traunviertel,AT,3
3,DE600,Hamburg,DE,3
4,DE711,"Darmstadt, Kreisfreie Stadt",DE,3
5,DE712,"Frankfurt am Main, Kreisfreie Stadt",DE,3
6,DE713,"Offenbach am Main, Kreisfreie Stadt",DE,3
7,DE714,"Wiesbaden, Kreisfreie Stadt",DE,3
8,DE715,Bergstraße,DE,3
9,BE353,Arr. Philippeville,BE,3
10,BG311,Видин,BG,3
11,BG312,Монтана,BG,3
12,DE737,Werra-Meißner-Kreis,DE,3
13,DE803,"Rostock, Kreisfreie Stadt",DE,3
14,DE804,"Schwerin, Kreisfreie Stadt",DE,3
15,DE80L,Vorpommern-Rügen,DE,3
16,DE923,Hameln-Pyrmont,DE,3
17,DE94E,"Osnabrück, Landkreis",DE,3
18,DE94F,Vechta,DE,3
19,DE94G,Wesermarsch,DE,3
20,DEA59,Olpe,DE,3
21,DEA5A,Siegen-Wittgenstein,DE,3
22,DEA5B,Soest,DE,3
23,DEA5C,Unna,DE,3
24,DEB11,"Koblenz, Kreisfreie Stadt",DE,3
25,BG313,Враца,BG,3
26,AT321,Lungau,AT,3
27,AT322,Pinzgau-Pongau,AT,3
28,AT323,Salzburg und Umgebung,AT,3
29,DE925,Hildesheim,DE,3
30,DE926,Holzminden,DE,3
31,DE927,Nienburg (Weser),DE,3
32,BG314,Плевен,BG,3
33,BG331,Варна,BG,3
34,DE928,Schaumburg,DE,3
35,DE929,Region Hannover,DE,3
36,DE931,Celle,DE,3
37,BG332,Добрич,BG,3
38,BG333,Шумен,BG,3
39,AT331,Außerfern,AT,3
40,DE932,Cuxhaven,DE,3
41,DE80J,Mecklenburgische Seenplatte,DE,3
42,AT332,Innsbruck,AT,3
43,AT333,Osttirol,AT,3
44,AT334,Tiroler Oberland,AT,3
45,DE933,Harburg,DE,3
46,DE934,Lüchow-Dannenberg,DE,3
47,DE935,"Lüneburg, Landkreis",DE,3
48,BG334,Търговище,BG,3
49,DE936,Osterholz,DE,3
50,DE937,Rotenburg (Wümme),DE,3
51,DE938,Heidekreis,DE,3
52,DE939,Stade,DE,3
53,DE93A,Uelzen,DE,3
54,DE93B,Verden,DE,3
55,DE941,"Delmenhorst, Kreisfreie Stadt",DE,3
56,DE942,"Emden, Kreisfreie Stadt",DE,3
57,DE943,"Oldenburg (Oldenburg), Kreisfreie Stadt",DE,3
58,DE80K,Landkreis Rostock,DE,3
59,DE944,"Osnabrück, Kreisfreie Stadt",DE,3
60,DE945,"Wilhelmshaven, Kreisfreie Stadt",DE,3
61,DE946,Ammerland,DE,3
62,AT223,Östliche Obersteiermark,AT,3
63,DE947,Aurich,DE,3
64,DE948,Cloppenburg,DE,3
65,DE949,Emsland,DE,3
66,AT226,Westliche Obersteiermark,AT,3
67,AT311,Innviertel,AT,3
68,AT312,Linz-Wels,AT,3
69,AT335,Tiroler Unterland,AT,3
70,AT341,Bludenz-Bregenzer Wald,AT,3
71,AT342,Rheintal-Bodenseegebiet,AT,3
72,BE100,Arr. de Bruxelles-Capitale/Arr. van Brussel-Hoofdstad,BE,3
73,DE94A,Friesland (DE),DE,3
74,DE94B,Grafschaft Bentheim,DE,3
75,DE94C,Leer,DE,3
76,DE94D,"Oldenburg, Landkreis",DE,3
77,AT313,Mühlviertel,AT,3
78,DE406,Dahme-Spreewald,DE,3
79,DE407,Elbe-Elster,DE,3
80,BG412,София,BG,3
81,BE334,Arr. Waremme,BE,3
82,BE335,Arr. Verviers - communes francophones,BE,3
83,BE336,Bezirk Verviers - Deutschsprachige Gemeinschaft,BE,3
84,AL022,Tiranë,AL,3
85,AL031,Berat,AL,3
86,AL032,Fier,AL,3
87,AL033,Gjirokastër,AL,3
88,AL034,Korcë,AL,3
89,AT224,Oststeiermark,AT,3
90,AT225,West- und Südsteiermark,AT,3
91,BE211,Arr. Antwerpen,BE,3
92,BG315,Ловеч,BG,3
93,BG321,Велико Търново,BG,3
94,AL035,Vlorë,AL,3
95,AT111,Mittelburgenland,AT,3
96,AT112,Nordburgenland,AT,3
97,AT113,Südburgenland,AT,3
98,BE212,Arr. Mechelen,BE,3
99,BE213,Arr. Turnhout,BE,3
100,BE221,Arr. Hasselt,BE,3
101,BE222,Arr. Maaseik,BE,3
102,BG341,Бургас,BG,3
103,AT121,Mostviertel-Eisenwurzen,AT,3
104,AT122,Niederösterreich-Süd,AT,3
105,AT123,Sankt Pölten,AT,3
106,AT124,Waldviertel,AT,3
107,BE223,Arr. Tongeren,BE,3
108,BE341,Arr. Arlon,BE,3
109,AT125,Weinviertel,AT,3
110,AT211,Klagenfurt-Villach,AT,3
111,BE231,Arr. Aalst,BE,3
112,BE232,Arr. Dendermonde,BE,3
113,BE233,Arr. Eeklo,BE,3
114,BE234,Arr. Gent,BE,3
115,BE235,Arr. Oudenaarde,BE,3
116,BE236,Arr. Sint-Niklaas,BE,3
117,BG342,Сливен,BG,3
118,BG343,Ямбол,BG,3
119,DE911,"Braunschweig, Kreisfreie Stadt",DE,3
120,AT212,Oberkärnten,AT,3
121,AT126,Wiener Umland/Nordteil,AT,3
122,BE241,Arr. Halle-Vilvoorde,BE,3
123,BE242,Arr. Leuven,BE,3
124,BE342,Arr. Bastogne,BE,3
125,BE343,Arr. Marche-en-Famenne,BE,3
126,BE344,Arr. Neufchâteau,BE,3
127,BE345,Arr. Virton,BE,3
128,AT127,Wiener Umland/Südteil,AT,3
129,AT130,Wien,AT,3
130,AL011,Dibër,AL,3
131,AL012,Durrës,AL,3
132,BE251,Arr. Brugge,BE,3
133,AT213,Unterkärnten,AT,3
134,AT221,Graz,AT,3
135,AT222,Liezen,AT,3
136,BE252,Arr. Diksmuide,BE,3
137,BE351,Arr. Dinant,BE,3
138,BE352,Arr. Namur,BE,3
139,BG322,Габрово,BG,3
140,AL013,Kukës,AL,3
141,AL014,Lezhë,AL,3
142,AL015,Shkodër,AL,3
143,AL021,Elbasan,AL,3
144,BE253,Arr. Ieper,BE,3
145,BE254,Arr. Kortrijk,BE,3
146,BE255,Arr. Oostende,BE,3
147,BE256,Arr. Roeselare,BE,3
148,BE257,Arr. Tielt,BE,3
149,BE258,Arr. Veurne,BE,3
150,BG323,Русе,BG,3
151,BE310,Arr. Nivelles,BE,3
152,BE321,Arr. Ath,BE,3
153,BE322,Arr. Charleroi,BE,3
154,BE323,Arr. Mons,BE,3
155,BE324,Arr. Mouscron,BE,3
156,BG324,Разград,BG,3
157,BG325,Силистра,BG,3
158,DE913,"Wolfsburg, Kreisfreie Stadt",DE,3
159,BG344,Стара Загора,BG,3
160,BG411,София (столица),BG,3
161,DE912,"Salzgitter, Kreisfreie Stadt",DE,3
162,BE325,Arr. Soignies,BE,3
163,BE326,Arr. Thuin,BE,3
164,BE327,Arr. Tournai,BE,3
165,BE331,Arr. Huy,BE,3
166,BE332,Arr. Liège,BE,3
167,BG422,Хасково,BG,3
168,CH051,Glarus,CH,3
169,ES432,Cáceres,ES,3
170,DE246,"Bayreuth, Landkreis",DE,3
171,DE247,"Coburg, Landkreis",DE,3
172,DE248,Forchheim,DE,3
173,DE265,Bad Kissingen,DE,3
174,DE266,Rhön-Grabfeld,DE,3
175,DE267,Haßberge,DE,3
176,CH052,Schaffhausen,CH,3
177,CH053,Appenzell Ausserrhoden,CH,3
178,CH054,Appenzell Innerrhoden,CH,3
179,DE111,"Stuttgart, Stadtkreis",DE,3
180,CZ010,Hlavní město Praha,CZ,3
181,ES511,Barcelona,ES,3
182,DE12C,Freudenstadt,DE,3
183,DE131,"Freiburg im Breisgau, Stadtkreis",DE,3
184,DE132,Breisgau-Hochschwarzwald,DE,3
185,DE147,Bodenseekreis,DE,3
186,DE148,Ravensburg,DE,3
187,DE149,Sigmaringen,DE,3
188,DE211,"Ingolstadt, Kreisfreie Stadt",DE,3
189,CZ042,Ústecký kraj,CZ,3
190,HR04A,Brodsko-posavska županija,HR,3
191,ES613,Córdoba,ES,3
192,DE21K,"Rosenheim, Landkreis",DE,3
193,DE21L,Starnberg,DE,3
194,DE21M,Traunstein,DE,3
195,DE235,Cham,DE,3
196,DE236,Neumarkt i. d. OPf.,DE,3
197,DE237,Neustadt a. d. Waldnaab,DE,3
198,BG423,Пазарджик,BG,3
199,BG424,Смолян,BG,3
200,ES512,Girona,ES,3
201,DE249,"Hof, Landkreis",DE,3
202,DE24A,Kronach,DE,3
203,DE24B,Kulmbach,DE,3
204,DE24C,Lichtenfels,DE,3
205,DE25C,Weißenburg-Gunzenhausen,DE,3
206,DE261,"Aschaffenburg, Kreisfreie Stadt",DE,3
207,DE262,"Schweinfurt, Kreisfreie Stadt",DE,3
208,DE263,"Würzburg, Kreisfreie Stadt",DE,3
209,DE264,"Aschaffenburg, Landkreis",DE,3
210,DE212,"München, Kreisfreie Stadt",DE,3
211,DE213,"Rosenheim, Kreisfreie Stadt",DE,3
212,CH055,St. Gallen,CH,3
213,ES513,Lleida,ES,3
214,DE133,Emmendingen,DE,3
215,DE134,Ortenaukreis,DE,3
216,DE135,Rottweil,DE,3
217,DE136,Schwarzwald-Baar-Kreis,DE,3
218,DE214,Altötting,DE,3
219,DE215,Berchtesgadener Land,DE,3
220,DE216,Bad Tölz-Wolfratshausen,DE,3
221,DE217,Dachau,DE,3
222,CZ051,Liberecký kraj,CZ,3
223,BG425,Кърджали,BG,3
224,ES514,Tarragona,ES,3
225,ES521,Alicante / Alacant,ES,3
226,DE21N,Weilheim-Schongau,DE,3
227,DE221,"Landshut, Kreisfreie Stadt",DE,3
228,DE222,"Passau, Kreisfreie Stadt",DE,3
229,DE223,"Straubing, Kreisfreie Stadt",DE,3
230,DE224,Deggendorf,DE,3
231,DE225,Freyung-Grafenau,DE,3
232,DE238,"Regensburg, Landkreis",DE,3
233,DE239,Schwandorf,DE,3
234,DE268,Kitzingen,DE,3
235,CH056,Graubünden,CH,3
236,ES522,Castellón / Castelló,ES,3
237,ES531,Eivissa y Formentera,ES,3
238,DE24D,Wunsiedel i. Fichtelgebirge,DE,3
239,DE251,"Ansbach, Kreisfreie Stadt",DE,3
240,DE252,"Erlangen, Kreisfreie Stadt",DE,3
241,DE253,"Fürth, Kreisfreie Stadt",DE,3
242,DE254,"Nürnberg, Kreisfreie Stadt",DE,3
243,DE255,"Schwabach, Kreisfreie Stadt",DE,3
244,DE137,Tuttlingen,DE,3
245,DE269,Miltenberg,DE,3
246,DE26A,Main-Spessart,DE,3
247,DE218,Ebersberg,DE,3
248,ES532,Mallorca,ES,3
249,ES533,Menorca,ES,3
250,DE138,Konstanz,DE,3
251,DE139,Lörrach,DE,3
252,DE226,Kelheim,DE,3
253,DE219,Eichstätt,DE,3
254,DE21A,Erding,DE,3
255,DE21B,Freising,DE,3
256,CZ020,Středočeský kraj,CZ,3
257,CZ052,Královéhradecký kraj,CZ,3
258,ES611,Almería,ES,3
259,ES612,Cádiz,ES,3
260,ES706,La Gomera,ES,3
261,DE227,"Landshut, Landkreis",DE,3
262,DE228,"Passau, Landkreis",DE,3
263,BG413,Благоевград,BG,3
264,BG414,Перник,BG,3
265,CH011,Vaud,CH,3
266,ES707,La Palma,ES,3
267,ES708,Lanzarote,ES,3
268,ES709,Tenerife,ES,3
269,FI196,Satakunta,FI,3
270,DE256,"Ansbach, Landkreis",DE,3
271,DE257,Erlangen-Höchstadt,DE,3
272,DE258,"Fürth, Landkreis",DE,3
273,CH025,Jura,CH,3
274,CH031,Basel-Stadt,CH,3
275,CH032,Basel-Landschaft,CH,3
276,CH063,Schwyz,CH,3
277,ES241,Huesca,ES,3
278,DE13A,Waldshut,DE,3
279,DE141,Reutlingen,DE,3
280,DE142,"Tübingen, Landkreis",DE,3
281,DE143,Zollernalbkreis,DE,3
282,CH064,Obwalden,CH,3
283,CH065,Nidwalden,CH,3
284,CH066,Zug,CH,3
285,BG415,Кюстендил,BG,3
286,ES523,Valencia / València,ES,3
287,DE229,Regen,DE,3
288,DE22A,Rottal-Inn,DE,3
289,DE22B,Straubing-Bogen,DE,3
290,CZ032,Plzeňský kraj,CZ,3
291,ES412,Burgos,ES,3
292,ES413,León,ES,3
293,DE259,Nürnberger Land,DE,3
294,DE25A,Neustadt a. d. Aisch-Bad Windsheim,DE,3
295,DE25B,Roth,DE,3
296,DE144,"Ulm, Stadtkreis",DE,3
297,BG421,Пловдив,BG,3
298,CH033,Aargau,CH,3
299,ES419,Zamora,ES,3
300,HR037,Dubrovačko-neretvanska županija,HR,3
301,HU110,Budapest,HU,3
302,HR048,Virovitičko-podravska županija,HR,3
303,HR049,Požeško-slavonska županija,HR,3
304,DE145,Alb-Donau-Kreis,DE,3
305,DE146,Biberach,DE,3
306,CH040,Zürich,CH,3
307,CH070,Ticino,CH,3
308,ES425,Toledo,ES,3
309,DE128,Rhein-Neckar-Kreis,DE,3
310,DE129,"Pforzheim, Stadtkreis",DE,3
311,DE12A,Calw,DE,3
312,DE12B,Enzkreis,DE,3
313,DE22C,Dingolfing-Landau,DE,3
314,DE231,"Amberg, Kreisfreie Stadt",DE,3
315,DE232,"Regensburg, Kreisfreie Stadt",DE,3
316,DE233,"Weiden i. d. Opf, Kreisfreie Stadt",DE,3
317,DE234,Amberg-Sulzbach,DE,3
318,CY000,Κύπρος,CY,3
319,CZ041,Karlovarský kraj,CZ,3
320,ES431,Badajoz,ES,3
321,DE21G,Mühldorf a. Inn,DE,3
322,DE21H,"München, Landkreis",DE,3
323,DE21I,Neuburg-Schrobenhausen,DE,3
324,DE21J,Pfaffenhofen a. d. Ilm,DE,3
325,DE80O,Ludwigslust-Parchim,DE,3
326,DE278,Günzburg,DE,3
327,CH021,Bern,CH,3
328,DE80M,Nordwestmecklenburg,DE,3
329,DEB12,Ahrweiler,DE,3
330,DEC05,Saarpfalz-Kreis,DE,3
331,DED52,Leipzig,DE,3
332,DED53,Nordsachsen,DE,3
333,DEE01,"Dessau-Roßlau, Kreisfreie Stadt",DE,3
334,DE279,Neu-Ulm,DE,3
335,DE27A,Lindau (Bodensee),DE,3
336,DE27B,Ostallgäu,DE,3
337,CZ063,Kraj Vysočina,CZ,3
338,DEC06,St. Wendel,DE,3
339,DED21,"Dresden, Kreisfreie Stadt",DE,3
340,DED2C,Bautzen,DE,3
341,DEA1A,"Wuppertal, Kreisfreie Stadt",DE,3
342,DEA38,Warendorf,DE,3
343,DEA41,"Bielefeld, Kreisfreie Stadt",DE,3
344,DEA42,Gütersloh,DE,3
345,DEA43,Herford,DE,3
346,DEA44,Höxter,DE,3
347,DEB38,"Speyer, Kreisfreie Stadt",DE,3
348,DE40D,Ostprignitz-Ruppin,DE,3
349,DE40E,Potsdam-Mittelmark,DE,3
350,CZ064,Jihomoravský kraj,CZ,3
351,DEA1B,Kleve,DE,3
352,DEA1C,Mettmann,DE,3
353,DEA1D,Rhein-Kreis Neuss,DE,3
354,DEA1E,Viersen,DE,3
355,DEB39,"Worms, Kreisfreie Stadt",DE,3
356,DEB3A,"Zweibrücken, Kreisfreie Stadt",DE,3
357,DEB3B,Alzey-Worms,DE,3
358,DEB3C,Bad Dürkheim,DE,3
359,DEB3D,Donnersbergkreis,DE,3
360,DEE02,"Halle (Saale), Kreisfreie Stadt",DE,3
361,DE721,"Gießen, Landkreis",DE,3
362,DE722,Lahn-Dill-Kreis,DE,3
363,DE723,Limburg-Weilburg,DE,3
364,DE724,Marburg-Biedenkopf,DE,3
365,CZ071,Olomoucký kraj,CZ,3
366,DEB13,Altenkirchen (Westerwald),DE,3
367,DEB14,Bad Kreuznach,DE,3
368,DEB15,Birkenfeld,DE,3
369,DEE03,"Magdeburg, Kreisfreie Stadt",DE,3
370,DEE04,Altmarkkreis Salzwedel,DE,3
371,DEE05,Anhalt-Bitterfeld,DE,3
372,DEA45,Lippe,DE,3
373,DE916,Goslar,DE,3
374,DE917,Helmstedt,DE,3
375,DE918,Northeim,DE,3
376,DE91A,Peine,DE,3
377,DE11A,Schwäbisch Hall,DE,3
378,DE11B,Main-Tauber-Kreis,DE,3
379,DE11C,Heidenheim,DE,3
380,DEE09,Harz,DE,3
381,DEE0A,Mansfeld-Südharz,DE,3
382,DEA1F,Wesel,DE,3
383,DEA46,Minden-Lübbecke,DE,3
384,DEA47,Paderborn,DE,3
385,DEA51,"Bochum, Kreisfreie Stadt",DE,3
386,DEA52,"Dortmund, Kreisfreie Stadt",DE,3
387,DEA53,"Hagen, Kreisfreie Stadt",DE,3
388,DEB3E,Germersheim,DE,3
389,DE27C,Unterallgäu,DE,3
390,DE27D,Donau-Ries,DE,3
391,DE27E,Oberallgäu,DE,3
392,DE21D,Garmisch-Partenkirchen,DE,3
393,DE21E,Landsberg am Lech,DE,3
394,DE21F,Miesbach,DE,3
395,DE23A,Tirschenreuth,DE,3
396,DE241,"Bamberg, Kreisfreie Stadt",DE,3
397,DEA22,"Bonn, Kreisfreie Stadt",DE,3
398,DEA23,"Köln, Kreisfreie Stadt",DE,3
399,DEA24,"Leverkusen, Kreisfreie Stadt",DE,3
400,DEA26,Düren,DE,3
401,DEA27,Rhein-Erft-Kreis,DE,3
402,DEB3F,"Kaiserslautern, Landkreis",DE,3
403,DEB3G,Kusel,DE,3
404,DEE06,Jerichower Land,DE,3
405,DE40F,Prignitz,DE,3
406,DE40G,Spree-Neiße,DE,3
407,DE725,Vogelsbergkreis,DE,3
408,DE113,Esslingen,DE,3
409,DE114,Göppingen,DE,3
410,DE115,Ludwigsburg,DE,3
411,DE116,Rems-Murr-Kreis,DE,3
412,DEB17,Mayen-Koblenz,DE,3
413,DEB18,Neuwied,DE,3
414,DEB1A,Rhein-Lahn-Kreis,DE,3
415,DEE07,Börde,DE,3
416,DEE08,Burgenlandkreis,DE,3
417,DEA54,"Hamm, Kreisfreie Stadt",DE,3
418,DEA55,"Herne, Kreisfreie Stadt",DE,3
419,DE731,"Kassel, Kreisfreie Stadt",DE,3
420,DE732,Fulda,DE,3
421,DE733,Hersfeld-Rotenburg,DE,3
422,DE91B,Wolfenbüttel,DE,3
423,DE242,"Bayreuth, Kreisfreie Stadt",DE,3
424,DE243,"Coburg, Kreisfreie Stadt",DE,3
425,DE244,"Hof, Kreisfreie Stadt",DE,3
426,DE245,"Bamberg, Landkreis",DE,3
427,DED2D,Görlitz,DE,3
428,DED2E,Meißen,DE,3
429,DED2F,Sächsische Schweiz-Osterzgebirge,DE,3
430,DEA56,Ennepe-Ruhr-Kreis,DE,3
431,DEA57,Hochsauerlandkreis,DE,3
432,DEA58,Märkischer Kreis,DE,3
433,DE91C,Göttingen,DE,3
434,DE922,Diepholz,DE,3
435,DE300,Berlin,DE,3
436,CH022,Freiburg,CH,3
437,DEA28,Euskirchen,DE,3
438,DEA29,Heinsberg,DE,3
439,DEA2A,Oberbergischer Kreis,DE,3
440,DEA2B,Rheinisch-Bergischer Kreis,DE,3
441,DEB3H,Südliche Weinstraße,DE,3
442,DEB3I,Rhein-Pfalz-Kreis,DE,3
443,DEB3J,Mainz-Bingen,DE,3
444,DE401,"Brandenburg an der Havel, Kreisfreie Stadt",DE,3
445,DE402,"Cottbus, Kreisfreie Stadt",DE,3
446,DE403,"Frankfurt (Oder), Kreisfreie Stadt",DE,3
447,DE404,"Potsdam, Kreisfreie Stadt",DE,3
448,DE405,Barnim,DE,3
449,CZ072,Zlínský kraj,CZ,3
450,DE117,"Heilbronn, Stadtkreis",DE,3
451,DE118,"Heilbronn, Landkreis",DE,3
452,DEB1B,Westerwaldkreis,DE,3
453,DEB1C,Cochem-Zell,DE,3
454,DEB1D,Rhein-Hunsrück-Kreis,DE,3
455,DEB21,"Trier, Kreisfreie Stadt",DE,3
456,DE26B,"Schweinfurt, Landkreis",DE,3
457,DE26C,"Würzburg, Landkreis",DE,3
458,DE271,"Augsburg, Kreisfreie Stadt",DE,3
459,DE272,"Kaufbeuren, Kreisfreie Stadt",DE,3
460,DE273,"Kempten (Allgäu), Kreisfreie Stadt",DE,3
461,DE40H,Teltow-Fläming,DE,3
462,DE40I,Uckermark,DE,3
463,DE501,"Bremen, Kreisfreie Stadt",DE,3
464,DE502,"Bremerhaven, Kreisfreie Stadt",DE,3
465,DE11D,Ostalbkreis,DE,3
466,DE121,"Baden-Baden, Stadtkreis",DE,3
467,DE122,"Karlsruhe, Stadtkreis",DE,3
468,DE123,"Karlsruhe, Landkreis",DE,3
469,DED41,"Chemnitz, Kreisfreie Stadt",DE,3
470,DED42,Erzgebirgskreis,DE,3
471,DED43,Mittelsachsen,DE,3
472,DE408,Havelland,DE,3
473,DE409,Märkisch-Oderland,DE,3
474,DE40A,Oberhavel,DE,3
475,DE734,"Kassel, Landkreis",DE,3
476,DE735,Schwalm-Eder-Kreis,DE,3
477,DE736,Waldeck-Frankenberg,DE,3
478,CZ080,Moravskoslezský kraj,CZ,3
479,DE112,Böblingen,DE,3
480,DEA2C,Rhein-Sieg-Kreis,DE,3
481,DEA2D,Städteregion Aachen,DE,3
482,DEA31,"Bottrop, Kreisfreie Stadt",DE,3
483,DEA32,"Gelsenkirchen, Kreisfreie Stadt",DE,3
484,DEA33,"Münster, Kreisfreie Stadt",DE,3
485,DE716,Darmstadt-Dieburg,DE,3
486,DE717,Groß-Gerau,DE,3
487,DE718,Hochtaunuskreis,DE,3
488,DE719,Main-Kinzig-Kreis,DE,3
489,DE274,"Memmingen, Kreisfreie Stadt",DE,3
490,CH012,Valais,CH,3
491,CH013,Genève,CH,3
492,CH024,Neuchâtel,CH,3
493,CH023,Solothurn,CH,3
494,DE119,Hohenlohekreis,DE,3
495,DEB22,Bernkastel-Wittlich,DE,3
496,DEB23,Eifelkreis Bitburg-Prüm,DE,3
497,DEB24,Vulkaneifel,DE,3
498,DE80N,Vorpommern-Greifswald,DE,3
499,DE275,Aichach-Friedberg,DE,3
500,CH057,Thurgau,CH,3
501,CH061,Luzern,CH,3
502,CH062,Uri,CH,3
503,DE124,Rastatt,DE,3
504,DE125,"Heidelberg, Stadtkreis",DE,3
505,DE126,"Mannheim, Stadtkreis",DE,3
506,DE127,Neckar-Odenwald-Kreis,DE,3
507,DE21C,Fürstenfeldbruck,DE,3
508,DED44,Vogtlandkreis,DE,3
509,DED45,Zwickau,DE,3
510,DED51,"Leipzig, Kreisfreie Stadt",DE,3
511,DEA34,Borken,DE,3
512,DE276,"Augsburg, Landkreis",DE,3
513,DE277,Dillingen a.d. Donau,DE,3
514,DE40B,Oberspreewald-Lausitz,DE,3
515,CZ031,Jihočeský kraj,CZ,3
516,DEB3K,Südwestpfalz,DE,3
517,DEC01,Regionalverband Saarbrücken,DE,3
518,DEC02,Merzig-Wadern,DE,3
519,DEC03,Neunkirchen,DE,3
520,DEC04,Saarlouis,DE,3
521,DEA35,Coesfeld,DE,3
522,DEA36,Recklinghausen,DE,3
523,DEA37,Steinfurt,DE,3
524,DE40C,Oder-Spree,DE,3
525,DE71A,Main-Taunus-Kreis,DE,3
526,DE71B,Odenwaldkreis,DE,3
527,DE71C,"Offenbach, Landkreis",DE,3
528,CZ053,Pardubický kraj,CZ,3
529,DE94H,Wittmund,DE,3
530,DEA11,"Düsseldorf, Kreisfreie Stadt",DE,3
531,DEA12,"Duisburg, Kreisfreie Stadt",DE,3
532,DEA13,"Essen, Kreisfreie Stadt",DE,3
533,DEA14,"Krefeld, Kreisfreie Stadt",DE,3
534,DEA15,"Mönchengladbach, Kreisfreie Stadt",DE,3
535,DEA16,"Mülheim an der Ruhr, Kreisfreie Stadt",DE,3
536,DEA17,"Oberhausen, Kreisfreie Stadt",DE,3
537,DEA18,"Remscheid, Kreisfreie Stadt",DE,3
538,DEA19,"Solingen, Kreisfreie Stadt",DE,3
539,DEB25,Trier-Saarburg,DE,3
540,DEB31,"Frankenthal (Pfalz), Kreisfreie Stadt",DE,3
541,DEB32,"Kaiserslautern, Kreisfreie Stadt",DE,3
542,DEB33,"Landau in der Pfalz, Kreisfreie Stadt",DE,3
543,DEB34,"Ludwigshafen am Rhein, Kreisfreie Stadt",DE,3
544,DEB35,"Mainz, Kreisfreie Stadt",DE,3
545,DEB36,"Neustadt an der Weinstraße, Kreisfreie Stadt",DE,3
546,DEB37,"Pirmasens, Kreisfreie Stadt",DE,3
547,DE71D,Rheingau-Taunus-Kreis,DE,3
548,DE71E,Wetteraukreis,DE,3
549,DE914,Gifhorn,DE,3
550,EL623,"Ιθάκη, Κεφαλληνία",EL,3
551,EL624,Λευκάδα,EL,3
552,EL521,Ημαθία,EL,3
553,DEE0D,Stendal,DE,3
554,DEE0E,Wittenberg,DE,3
555,DEF01,"Flensburg, Kreisfreie Stadt",DE,3
556,DEF02,"Kiel, Kreisfreie Stadt",DE,3
557,DEF03,"Lübeck, Kreisfreie Stadt",DE,3
558,ES112,Lugo,ES,3
559,EL515,"Θάσος, Καβάλα",EL,3
560,DEG09,Unstrut-Hainich-Kreis,DE,3
561,DEG0A,Kyffhäuserkreis,DE,3
562,DEG0B,Schmalkalden-Meiningen,DE,3
563,EL522,Θεσσαλονίκη,EL,3
564,EL631,Αιτωλοακαρνανία,EL,3
565,DK013,Nordsjælland,DK,3
566,DK014,Bornholm,DK,3
567,DK021,Østsjælland,DK,3
568,DEF04,"Neumünster, Kreisfreie Stadt",DE,3
569,EL632,Αχαΐα,EL,3
570,EL633,Ηλεία,EL,3
571,ES113,Ourense,ES,3
572,DEF05,Dithmarschen,DE,3
573,DEF06,Herzogtum Lauenburg,DE,3
574,DEG0C,Gotha,DE,3
575,EL431,Ηράκλειο,EL,3
576,EL542,Θεσπρωτία,EL,3
577,EL543,Ιωάννινα,EL,3
578,EL523,Κιλκίς,EL,3
579,EL524,Πέλλα,EL,3
580,EL525,Πιερία,EL,3
581,EL526,Σέρρες,EL,3
582,DEG0D,Sömmerda,DE,3
583,DEG0E,Hildburghausen,DE,3
584,DK032,Sydjylland,DK,3
585,FI200,Åland,FI,3
586,FR101,Paris,FR,3
587,FRB04,Indre-et-Loire,FR,3
588,EL307,"Πειραιάς, Νήσοι",EL,3
589,EL641,Βοιωτία,EL,3
590,EL643,Ευρυτανία,EL,3
591,EL644,Φθιώτιδα,EL,3
592,FRB05,Loir-et-Cher,FR,3
593,EL611,"Καρδίτσα, Τρίκαλα",EL,3
594,EL411,"Λέσβος, Λήμνος",EL,3
595,ES114,Pontevedra,ES,3
596,EL532,Καστοριά,EL,3
597,DEF07,Nordfriesland,DE,3
598,DEG0F,Ilm-Kreis,DE,3
599,FI1C2,Kanta-Häme,FI,3
600,FI1C3,Päijät-Häme,FI,3
601,FR105,Hauts-de-Seine,FR,3
602,EE008,Lõuna-Eesti,EE,3
603,EL527,Χαλκιδική,EL,3
604,EL531,"Γρεβενά, Κοζάνη",EL,3
605,EL533,Φλώρινα,EL,3
606,DEG0G,Weimarer Land,DE,3
607,DEG0H,Sonneberg,DE,3
608,DEF08,Ostholstein,DE,3
609,FR102,Seine-et-Marne,FR,3
610,EL432,Λασίθι,EL,3
611,EL652,Κορινθία,EL,3
612,EL642,Εύβοια,EL,3
613,DEF09,Pinneberg,DE,3
614,DEF0A,Plön,DE,3
615,DEG0I,Saalfeld-Rudolstadt,DE,3
616,FRB06,Loiret,FR,3
617,EL612,Λάρισα,EL,3
618,EL621,Ζάκυνθος,EL,3
619,EL622,Κέρκυρα,EL,3
620,EL433,Ρεθύμνη,EL,3
621,ES120,Asturias,ES,3
622,DEG0J,Saale-Holzland-Kreis,DE,3
623,DEG0K,Saale-Orla-Kreis,DE,3
624,DK022,Vest- og Sydsjælland,DK,3
625,FRC11,Côte-d’Or,FR,3
626,EL653,"Λακωνία, Μεσσηνία",EL,3
627,EL541,"Άρτα, Πρέβεζα",EL,3
628,EL645,Φωκίδα,EL,3
629,FR103,Yvelines,FR,3
630,FR104,Essonne,FR,3
631,EL434,Χανιά,EL,3
632,EL511,Έβρος,EL,3
633,EL512,Ξάνθη,EL,3
634,EL651,"Αργολίδα, Αρκαδία",EL,3
635,DEE0B,Saalekreis,DE,3
636,FRC12,Nièvre,FR,3
637,EL613,"Μαγνησία, Σποράδες",EL,3
638,DEE0C,Salzlandkreis,DE,3
639,DEG01,"Erfurt, Kreisfreie Stadt",DE,3
640,DEG02,"Gera, Kreisfreie Stadt",DE,3
641,DEG03,"Jena, Kreisfreie Stadt",DE,3
642,DEG04,"Suhl, Kreisfreie Stadt",DE,3
643,DEG05,"Weimar, Kreisfreie Stadt",DE,3
644,FRC13,Saône-et-Loire,FR,3
645,ES111,A Coruña,ES,3
646,DEG06,Eichsfeld,DE,3
647,DEG07,Nordhausen,DE,3
648,DEG0P,Wartburgkreis,DE,3
649,DK041,Vestjylland,DK,3
650,DEF0B,Rendsburg-Eckernförde,DE,3
651,EL304,Νότιος Τομέας Αθηνών,EL,3
652,EL305,Ανατολική Αττική,EL,3
653,EL306,Δυτική Αττική,EL,3
654,EL412,"Ικαρία, Σάμος",EL,3
655,EL513,Ροδόπη,EL,3
656,EL514,Δράμα,EL,3
657,DK011,Byen København,DK,3
658,DK012,Københavns omegn,DK,3
659,DK031,Fyn,DK,3
660,DEF0C,Schleswig-Flensburg,DE,3
661,FI1C4,Kymenlaakso,FI,3
662,EL413,Χίος,EL,3
663,EL421,"Κάλυμνος, Κάρπαθος, Κως, Ρόδος",EL,3
664,EE007,Kirde-Eesti,EE,3
665,EL422,"Άνδρος, Θήρα, Κέα, Μήλος, Μύκονος, Νάξος, Πάρος, Σύρος, Τήνος",EL,3
666,HR045,Koprivničko-križevačka županija,HR,3
667,HR046,Međimurska županija,HR,3
668,HR047,Bjelovarsko-bilogorska županija,HR,3
669,ES417,Soria,ES,3
670,FI197,Pirkanmaa,FI,3
671,ES614,Granada,ES,3
672,HU213,Veszprém,HU,3
673,HU221,Győr-Moson-Sopron,HU,3
674,HU231,Baranya,HU,3
675,HU232,Somogy,HU,3
676,ES424,Guadalajara,ES,3
677,ES615,Huelva,ES,3
678,ES130,Cantabria,ES,3
679,ES230,La Rioja,ES,3
680,FI194,Etelä-Pohjanmaa,FI,3
681,FI195,Pohjanmaa,FI,3
682,ES242,Teruel,ES,3
683,ES418,Valladolid,ES,3
684,ES414,Palencia,ES,3
685,DEF0D,Segeberg,DE,3
686,DEF0E,Steinburg,DE,3
687,DEF0F,Stormarn,DE,3
688,FI1B1,Helsinki-Uusimaa,FI,3
689,FI1C1,Varsinais-Suomi,FI,3
690,ES421,Albacete,ES,3
691,ES211,Araba/Álava,ES,3
692,ES212,Gipuzkoa,ES,3
693,ES243,Zaragoza,ES,3
694,EE006,Kesk-Eesti,EE,3
695,EL301,Βόρειος Τομέας Αθηνών,EL,3
696,EL302,Δυτικός Τομέας Αθηνών,EL,3
697,EL303,Κεντρικός Τομέας Αθηνών,EL,3
698,HR034,Šibensko-kninska županija,HR,3
699,ES415,Salamanca,ES,3
700,DK050,Nordjylland,DK,3
701,ES422,Ciudad Real,ES,3
702,ES616,Jaén,ES,3
703,ES617,Málaga,ES,3
704,ES213,Bizkaia,ES,3
705,DEG0L,Greiz,DE,3
706,DEG0M,Altenburger Land,DE,3
707,DEG0N,"Eisenach, Kreisfreie Stadt",DE,3
708,DK042,Østjylland,DK,3
709,HR04D,Karlovačka županija,HR,3
710,HR04E,Sisačko-moslavačka županija,HR,3
711,ES300,Madrid,ES,3
712,EE001,Põhja-Eesti,EE,3
713,ES618,Sevilla,ES,3
714,ES416,Segovia,ES,3
715,EE004,Lääne-Eesti,EE,3
716,HR036,Istarska županija,HR,3
717,HR035,Splitsko-dalmatinska županija,HR,3
718,ES423,Cuenca,ES,3
719,HU120,Pest,HU,3
720,ES220,Navarra,ES,3
721,FI193,Keski-Suomi,FI,3
722,ES620,Murcia,ES,3
723,ES630,Ceuta,ES,3
724,ES640,Melilla,ES,3
725,ES703,El Hierro,ES,3
726,ES704,Fuerteventura,ES,3
727,ES705,Gran Canaria,ES,3
728,HR042,Zagrebačka županija,HR,3
729,HR044,Varaždinska županija,HR,3
730,ES411,Ávila,ES,3
731,HR04B,Osječko-baranjska županija,HR,3
732,HR04C,Vukovarsko-srijemska županija,HR,3
733,HU211,Fejér,HU,3
734,HU212,Komárom-Esztergom,HU,3
735,HU222,Vas,HU,3
736,HU223,Zala,HU,3
737,FRG03,Mayenne,FR,3
738,IS002,Landsbyggð,IS,3
739,NL329,Groot-Amsterdam,NL,3
740,NL332,Agglomeratie's-Gravenhage,NL,3
741,NL333,Delft en Westland,NL,3
742,NL337,Agglomeratie Leiden en Bollenstreek,NL,3
743,NL33A,Zuidoost-Zuid-Holland,NL,3
744,NL33B,Oost-Zuid-Holland,NL,3
745,NL33C,Groot-Rijnmond,NL,3
746,FRF33,Moselle,FR,3
747,NL341,Zeeuwsch-Vlaanderen,NL,3
748,NL342,Overig Zeeland,NL,3
749,NL411,West-Noord-Brabant,NL,3
750,NL412,Midden-Noord-Brabant,NL,3
751,HR033,Zadarska županija,HR,3
752,FRK23,Drôme,FR,3
753,FRH04,Morbihan,FR,3
754,NL413,Noordoost-Noord-Brabant,NL,3
755,NL414,Zuidoost-Noord-Brabant,NL,3
756,NL421,Noord-Limburg,NL,3
757,NL422,Midden-Limburg,NL,3
758,NL423,Zuid-Limburg,NL,3
759,FRL03,Alpes-Maritimes,FR,3
760,FRY20,Martinique,FR,3
761,FRY40,La Réunion,FR,3
762,FRI22,Creuse,FR,3
763,NO011,Oslo,NO,3
764,NO021,Hedmark,NO,3
765,NO034,Telemark,NO,3
766,FRY50,Mayotte,FR,3
767,FRF34,Vosges,FR,3
768,NO012,Akershus,NO,3
769,LV007,Pierīga,LV,3
770,NL131,Noord-Drenthe,NL,3
771,HR031,Primorsko-goranska županija,HR,3
772,FRK24,Isère,FR,3
773,FRH01,Côtes-d’Armor,FR,3
774,FRI11,Dordogne,FR,3
775,LT026,Šiaulių apskritis,LT,3
776,LT027,Tauragės apskritis,LT,3
777,NO022,Oppland,NO,3
778,FRL04,Bouches-du-Rhône,FR,3
779,FRI23,Haute-Vienne,FR,3
780,FRY30,Guyane,FR,3
781,FRG01,Loire-Atlantique,FR,3
782,MK003,Југозападен,MK,3
783,MK004,Југоисточен,MK,3
784,NO041,Aust-Agder,NO,3
785,FRK25,Loire,FR,3
786,FRI12,Gironde,FR,3
787,HR041,Grad Zagreb,HR,3
788,MK005,Пелагониски,MK,3
789,MK006,Полошки,MK,3
790,MK007,Североисточен,MK,3
791,FRL05,Var,FR,3
792,FRI31,Charente,FR,3
793,MK008,Скопски,MK,3
794,MT001,Malta,MT,3
795,MT002,Gozo and Comino/Għawdex u Kemmuna,MT,3
796,NL111,Oost-Groningen,NL,3
797,NL112,Delfzijl en omgeving,NL,3
798,FRK26,Rhône,FR,3
799,FRG02,Maine-et-Loire,FR,3
800,NL113,Overig Groningen,NL,3
801,NL124,Noord-Friesland,NL,3
802,NL125,Zuidwest-Friesland,NL,3
803,NL126,Zuidoost-Friesland,NL,3
804,FRL06,Vaucluse,FR,3
805,HR032,Ličko-senjska županija,HR,3
806,NL132,Zuidoost-Drenthe,NL,3
807,NL133,Zuidwest-Drenthe,NL,3
808,NL211,Noord-Overijssel,NL,3
809,NL212,Zuidwest-Overijssel,NL,3
810,NL213,Twente,NL,3
811,NL221,Veluwe,NL,3
812,NO043,Rogaland,NO,3
813,NO051,Hordaland,NO,3
814,NO052,Sogn og Fjordane,NO,3
815,NO053,Møre og Romsdal,NO,3
816,NO060,Trøndelag,NO,3
817,NO071,Nordland,NO,3
818,NO072,Troms,NO,3
819,NO073,Finnmark,NO,3
820,FRG05,Vendée,FR,3
821,FRH02,Finistère,FR,3
822,NL224,Zuidwest-Gelderland,NL,3
823,NL225,Achterhoek,NL,3
824,NL226,Arnhem/Nijmegen,NL,3
825,NL230,Flevoland,NL,3
826,FR106,Seine-Saint-Denis,FR,3
827,FR107,Val-de-Marne,FR,3
828,FR108,Val-d'Oise,FR,3
829,FRI21,Corrèze,FR,3
830,FRI14,Lot-et-Garonne,FR,3
831,NL310,Utrecht,NL,3
832,NL321,Kop van Noord-Holland,NL,3
833,NL323,IJmond,NL,3
834,NL324,Agglomeratie Haarlem,NL,3
835,NL325,Zaanstreek,NL,3
836,NL327,Het Gooi en Vechtstreek,NL,3
837,NL328,Alkmaar en omgeving,NL,3
838,FRL02,Hautes-Alpes,FR,3
839,FRB03,Indre,FR,3
840,FRK11,Allier,FR,3
841,FRC14,Yonne,FR,3
842,FRF21,Ardennes,FR,3
843,FRG04,Sarthe,FR,3
844,FRK12,Cantal,FR,3
845,FRD22,Seine-Maritime,FR,3
846,FRD12,Manche,FR,3
847,FRH03,Ille-et-Vilaine,FR,3
848,FRJ22,Aveyron,FR,3
849,FRF11,Bas-Rhin,FR,3
850,FRF32,Meuse,FR,3
851,FRI15,Pyrénées-Atlantiques,FR,3
852,FRK27,Savoie,FR,3
853,FI1D1,Etelä-Savo,FI,3
854,FRE22,Oise,FR,3
855,FRC21,Doubs,FR,3
856,FRI33,Deux-Sèvres,FR,3
857,FRL01,Alpes-de-Haute-Provence,FR,3
858,FRF23,Marne,FR,3
859,FI1D7,Lappi,FI,3
860,FRI34,Vienne,FR,3
861,FRM02,Haute-Corse,FR,3
862,FRY10,Guadeloupe,FR,3
863,FI1D2,Pohjois-Savo,FI,3
864,FRJ11,Aude,FR,3
865,FRK22,Ardèche,FR,3
866,FRC22,Jura,FR,3
867,FRD13,Orne,FR,3
868,FRJ12,Gard,FR,3
869,FRM01,Corse-du-Sud,FR,3
870,FRF24,Haute-Marne,FR,3
871,FRE23,Somme,FR,3
872,FRJ13,Hérault,FR,3
873,FRK14,Puy-de-Dôme,FR,3
874,FRE12,Pas-de-Calais,FR,3
875,FRF31,Meurthe-et-Moselle,FR,3
876,FRF22,Aube,FR,3
877,FRJ14,Lozère,FR,3
878,FRJ15,Pyrénées-Orientales,FR,3
879,FRJ23,Haute-Garonne,FR,3
880,FRJ24,Gers,FR,3
881,FI1D3,Pohjois-Karjala,FI,3
882,FI1D8,Kainuu,FI,3
883,FRJ25,Lot,FR,3
884,FRK13,Haute-Loire,FR,3
885,FRC23,Haute-Saône,FR,3
886,FRD21,Eure,FR,3
887,FRI32,Charente-Maritime,FR,3
888,FRJ26,Hautes-Pyrénées,FR,3
889,FRK28,Haute-Savoie,FR,3
890,FRE21,Aisne,FR,3
891,FRJ27,Tarn,FR,3
892,FRK21,Ain,FR,3
893,FRF12,Haut-Rhin,FR,3
894,FRI13,Landes,FR,3
895,FI1D9,Pohjois-Pohjanmaa,FI,3
896,FRJ21,Ariège,FR,3
897,FI1C5,Etelä-Karjala,FI,3
898,FRE11,Nord,FR,3
899,FI1D5,Keski-Pohjanmaa,FI,3
900,FRC24,Territoire de Belfort,FR,3
901,FRB01,Cher,FR,3
902,FRJ28,Tarn-et-Garonne,FR,3
903,FRD11,Calvados,FR,3
904,FRB02,Eure-et-Loir,FR,3
905,LT023,Klaipėdos apskritis,LT,3
906,LT024,Marijampolės apskritis,LT,3
907,ITF32,Benevento,IT,3
908,ITF33,Napoli,IT,3
909,ITF34,Avellino,IT,3
910,LV005,Latgale,LV,3
911,ITF35,Salerno,IT,3
912,ITF43,Taranto,IT,3
913,ITF44,Brindisi,IT,3
914,NO032,Buskerud,NO,3
915,MK001,Вардарски,MK,3
916,MK002,Источен,MK,3
917,ITI1A,Grosseto,IT,3
918,ITI21,Perugia,IT,3
919,LT025,Panevėžio apskritis,LT,3
920,HU333,Csongrád,HU,3
921,ITF46,Foggia,IT,3
922,ITF47,Bari,IT,3
923,ITF48,Barletta-Andria-Trani,IT,3
924,ITF51,Potenza,IT,3
925,ITF52,Matera,IT,3
926,ITI11,Massa-Carrara,IT,3
927,NO042,Vest-Agder,NO,3
928,ITH20,Trento,IT,3
929,ITH31,Verona,IT,3
930,IE041,Border,IE,3
931,ITI12,Lucca,IT,3
932,ITI13,Pistoia,IT,3
933,ITI14,Firenze,IT,3
934,ITI15,Prato,IT,3
935,NO033,Vestfold,NO,3
936,ITC11,Torino,IT,3
937,ITF61,Cosenza,IT,3
938,ITF62,Crotone,IT,3
939,ITF63,Catanzaro,IT,3
940,ITF64,Vibo Valentia,IT,3
941,ITG2A,Ogliastra,IT,3
942,ITG2B,Medio Campidano,IT,3
943,LT028,Telšių apskritis,LT,3
944,LV009,Zemgale,LV,3
945,IE051,Mid-West,IE,3
946,IE063,Midland,IE,3
947,ITH32,Vicenza,IT,3
948,ITH33,Belluno,IT,3
949,LV008,Vidzeme,LV,3
950,ITC42,Como,IT,3
951,ITC43,Lecco,IT,3
952,ITC44,Sondrio,IT,3
953,ITI16,Livorno,IT,3
954,ITI17,Pisa,IT,3
955,ITG2C,Carbonia-Iglesias,IT,3
956,LT021,Alytaus apskritis,LT,3
957,LV006,Rīga,LV,3
958,ITC46,Bergamo,IT,3
959,ITC47,Brescia,IT,3
960,ITF65,Reggio di Calabria,IT,3
961,ITG11,Trapani,IT,3
962,ITH34,Treviso,IT,3
963,LT029,Utenos apskritis,LT,3
964,IS001,Höfuðborgarsvæði,IS,3
965,ITC48,Pavia,IT,3
966,ITI18,Arezzo,IT,3
967,ITI19,Siena,IT,3
968,LT022,Kauno apskritis,LT,3
969,ITC49,Lodi,IT,3
970,ITC4A,Cremona,IT,3
971,ITG12,Palermo,IT,3
972,ITG13,Messina,IT,3
973,LU000,Luxembourg,LU,3
974,LV003,Kurzeme,LV,3
975,ITC4B,Mantova,IT,3
976,ITC4C,Milano,IT,3
977,ITC4D,Monza e della Brianza,IT,3
978,ITH35,Venezia,IT,3
979,ITF11,L'Aquila,IT,3
980,ITF12,Teramo,IT,3
981,ITF13,Pescara,IT,3
982,NO031,Østfold,NO,3
983,ME000,Црна Гора,ME,3
984,ITF14,Chieti,IT,3
985,ITF21,Isernia,IT,3
986,ITF22,Campobasso,IT,3
987,ITF31,Caserta,IT,3
988,RS125,Севернобачка област,RS,3
989,RS126,Средњобанатска област,RS,3
990,RS127,Сремска област,RS,3
991,PL842,Łomżyński,PL,3
992,PL432,Zielonogórski,PL,3
993,PL514,Miasto Wrocław,PL,3
994,RS211,Златиборска област,RS,3
995,RS212,Колубарска област,RS,3
996,PT185,Lezíria do Tejo,PT,3
997,PT186,Alto Alentejo,PT,3
998,PL219,Nowotarski,PL,3
999,PL21A,Oświęcimski,PL,3
1000,SE213,Kalmar län,SE,3
1001,PT11B,Alto Tâmega,PT,3
1002,PT11C,Tâmega e Sousa,PT,3
1003,PT11D,Douro,PT,3
1004,PL417,Leszczyński,PL,3
1005,RS213,Мачванска област,RS,3
1006,RS214,Моравичка област,RS,3
1007,PL812,Chełmsko-zamojski,PL,3
1008,PL515,Jeleniogórski,PL,3
1009,PL516,Legnicko-głogowski,PL,3
1010,RS215,Поморавска област,RS,3
1011,RS216,Расинска област,RS,3
1012,PL843,Suwalski,PL,3
1013,PL911,Miasto Warszawa,PL,3
1014,PT11E,Terras de Trás-os-Montes,PT,3
1015,PL224,Częstochowski,PL,3
1016,PL225,Bielski,PL,3
1017,PL227,Rybnicki,PL,3
1018,RS217,Рашка област,RS,3
1019,RS218,Шумадијска област,RS,3
1020,PT150,Algarve,PT,3
1021,PT16H,Beira Baixa,PT,3
1022,PL418,Poznański,PL,3
1023,RS221,Борска област,RS,3
1024,RS222,Браничевска област,RS,3
1025,PT16I,Médio Tejo,PT,3
1026,PL814,Lubelski,PL,3
1027,PL517,Wałbrzyski,PL,3
1028,PL616,Grudziądzki,PL,3
1029,RS223,Зајечарска област,RS,3
1030,RS224,Јабланичка област,RS,3
1031,RS225,Нишавска област,RS,3
1032,PL912,Warszawski wschodni,PL,3
1033,PL913,Warszawski zachodni,PL,3
1034,RS226,Пиротска област,RS,3
1035,RS227,Подунавска област,RS,3
1036,RS228,Пчињска област,RS,3
1037,PL22C,Tyski,PL,3
1038,PL411,Pilski,PL,3
1039,PL415,Miasto Poznań,PL,3
1040,RS229,Топличка област,RS,3
1041,PL217,Tarnowski,PL,3
1042,PL414,Koniński,PL,3
1043,RO122,Braşov,RO,3
1044,PL424,Miasto Szczecin,PL,3
1045,RO123,Covasna,RO,3
1046,RO216,Vaslui,RO,3
1047,SE122,Södermanlands län,SE,3
1048,RO221,Brăila,RO,3
1049,RO316,Prahova,RO,3
1050,PL428,Szczeciński,PL,3
1051,PL431,Gorzowski,PL,3
1052,RO317,Teleorman,RO,3
1053,RO321,Bucureşti,RO,3
1054,RS110,Београдска област,RS,3
1055,PL214,Krakowski,PL,3
1056,PL218,Nowosądecki,PL,3
1057,RO424,Timiş,RO,3
1058,RS121,Западнобачка област,RS,3
1059,PT112,Cávado,PT,3
1060,PT119,Ave,PT,3
1061,PT11A,Área Metropolitana do Porto,PT,3
1062,PL416,Kaliski,PL,3
1063,RS122,Јужнобанатска област,RS,3
1064,RS123,Јужнобачка област,RS,3
1065,RS124,Севернобанатска област,RS,3
1066,PL811,Bialski,PL,3
1067,HU331,Bács-Kiskun,HU,3
1068,HU332,Békés,HU,3
1069,PT16D,Região de Aveiro,PT,3
1070,PL713,Piotrkowski,PL,3
1071,ITH36,Padova,IT,3
1072,ITH37,Rovigo,IT,3
1073,ITC13,Biella,IT,3
1074,ITC14,Verbano-Cusio-Ossola,IT,3
1075,PL228,Bytomski,PL,3
1076,PL229,Gliwicki,PL,3
1077,PL22A,Katowicki,PL,3
1078,PL22B,Sosnowiecki,PL,3
1079,PL821,Krośnieński,PL,3
1080,PL822,Przemyski,PL,3
1081,ITI22,Terni,IT,3
1082,ITI31,Pesaro e Urbino,IT,3
1083,ITI32,Ancona,IT,3
1084,HU311,Borsod-Abaúj-Zemplén,HU,3
1085,ITC15,Novara,IT,3
1086,PL426,Koszaliński,PL,3
1087,PL427,Szczecinecko-pyrzycki,PL,3
1088,PL922,Ciechanowski,PL,3
1089,PL923,Płocki,PL,3
1090,ITG16,Enna,IT,3
1091,ITG17,Catania,IT,3
1092,ITG18,Ragusa,IT,3
1093,ITC16,Cuneo,IT,3
1094,HU312,Heves,HU,3
1095,PT16J,Beiras e Serra da Estrela,PT,3
1096,PT170,Área Metropolitana de Lisboa,PT,3
1097,ITH41,Pordenone,IT,3
1098,ITH42,Udine,IT,3
1099,HU313,Nógrád,HU,3
1100,ITC17,Asti,IT,3
1101,PL518,Wrocławski,PL,3
1102,PL714,Sieradzki,PL,3
1103,PL823,Rzeszowski,PL,3
1104,ITI33,Macerata,IT,3
1105,ITI34,Ascoli Piceno,IT,3
1106,ITI35,Fermo,IT,3
1107,ITI41,Viterbo,IT,3
1108,ITC18,Alessandria,IT,3
1109,HU321,Hajdú-Bihar,HU,3
1110,PL523,Nyski,PL,3
1111,PL924,Ostrołęcki,PL,3
1112,ITG19,Siracusa,IT,3
1113,ITG25,Sassari,IT,3
1114,HU322,Jász-Nagykun-Szolnok,HU,3
1115,IE042,West,IE,3
1116,PL524,Opolski,PL,3
1117,PL613,Bydgosko-toruński,PL,3
1118,PL715,Skierniewicki,PL,3
1119,PL721,Kielecki,PL,3
1120,ITH43,Gorizia,IT,3
1121,ITH44,Trieste,IT,3
1122,ITH51,Piacenza,IT,3
1123,ITH52,Parma,IT,3
1124,PL617,Inowrocławski,PL,3
1125,PL618,Świecki,PL,3
1126,PL824,Tarnobrzeski,PL,3
1127,ITI42,Rieti,IT,3
1128,ITI43,Roma,IT,3
1129,PL619,Włocławski,PL,3
1130,PL925,Siedlecki,PL,3
1131,ITG26,Nuoro,IT,3
1132,ITG27,Cagliari,IT,3
1133,ITH53,Reggio nell'Emilia,IT,3
1134,PL622,Olsztyński,PL,3
1135,PT16E,Região de Coimbra,PT,3
1136,PT16F,Região de Leiria,PT,3
1137,PT16G,Viseu Dão Lafões,PT,3
1138,ITH54,Modena,IT,3
1139,ITH55,Bologna,IT,3
1140,ITI44,Latina,IT,3
1141,PL634,Gdański,PL,3
1142,PL636,Słupski,PL,3
1143,PL722,Sandomiersko-jędrzejowski,PL,3
1144,ITI45,Frosinone,IT,3
1145,LI000,Liechtenstein,LI,3
1146,ITG28,Oristano,IT,3
1147,ITH56,Ferrara,IT,3
1148,PL637,Chojnicki,PL,3
1149,PL638,Starogardzki,PL,3
1150,PL711,Miasto Łódź,PL,3
1151,PL841,Białostocki,PL,3
1152,ITG29,Olbia-Tempio,IT,3
1153,ITH57,Ravenna,IT,3
1154,IE053,South-West,IE,3
1155,IE061,Dublin,IE,3
1156,ITF45,Lecce,IT,3
1157,PL621,Elbląski,PL,3
1158,PL926,Żyrardowski,PL,3
1159,PT111,Alto Minho,PT,3
1160,ITH58,Forlì-Cesena,IT,3
1161,ITH59,Rimini,IT,3
1162,ITC20,Valle d'Aosta/Vallée d'Aoste,IT,3
1163,ITC31,Imperia,IT,3
1164,ITC32,Savona,IT,3
1165,PL623,Ełcki,PL,3
1166,PL633,Trójmiejski,PL,3
1167,PL712,Łódzki,PL,3
1168,PT181,Alentejo Litoral,PT,3
1169,PT184,Baixo Alentejo,PT,3
1170,PL213,Miasto Kraków,PL,3
1171,ITH10,Bolzano-Bozen,IT,3
1172,HU323,Szabolcs-Szatmár-Bereg,HU,3
1173,PL815,Puławski,PL,3
1174,HU233,Tolna,HU,3
1175,ITC12,Vercelli,IT,3
1176,IE062,Mid-East,IE,3
1177,PL921,Radomski,PL,3
1178,PT16B,Oeste,PT,3
1179,LT011,Vilniaus apskritis,LT,3
1180,ITG14,Agrigento,IT,3
1181,ITG15,Caltanissetta,IT,3
1182,IE052,South-East,IE,3
1183,ITC33,Genova,IT,3
1184,ITC34,La Spezia,IT,3
1185,ITC41,Varese,IT,3
1186,UKG12,Worcestershire,UK,3
1187,UKG13,Warwickshire,UK,3
1188,UKG21,Telford and Wrekin,UK,3
1189,UKF22,Leicestershire CC and Rutland,UK,3
1190,UKF24,West Northamptonshire,UK,3
1191,UKF25,North Northamptonshire,UK,3
1192,SE313,Gävleborgs län,SE,3
1193,UKM61,Caithness & Sutherland and Ross & Cromarty,UK,3
1194,UKM62,"Inverness & Nairn and Moray, Badenoch & Strathspey",UK,3
1195,UKM63,"Lochaber, Skye & Lochalsh, Arran & Cumbrae and Argyll & Bute",UK,3
1196,TR521,Konya,TR,3
1197,TR522,Karaman,TR,3
1198,TR611,Antalya,TR,3
1199,TR612,Isparta,TR,3
1200,TR833,Çorum,TR,3
1201,TR834,Amasya,TR,3
1202,TR901,Trabzon,TR,3
1203,TR902,Ordu,TR,3
1204,TR903,Giresun,TR,3
1205,UKM92,Dumfries & Galloway,UK,3
1206,TRC12,Adiyaman,TR,3
1207,TRC13,Kilis,TR,3
1208,TRC21,Sanliurfa,TR,3
1209,TRC22,Diyarbakir,TR,3
1210,TRC31,Mardin,TR,3
1211,UKD36,Greater Manchester North West,UK,3
1212,UKD37,Greater Manchester North East,UK,3
1213,UKD41,Blackburn with Darwen,UK,3
1214,UKD42,Blackpool,UK,3
1215,UKD44,Lancaster and Wyre,UK,3
1216,UKE21,York,UK,3
1217,UKE22,North Yorkshire CC,UK,3
1218,UKF30,Lincolnshire,UK,3
1219,UKG11,"Herefordshire, County of",UK,3
1220,TR613,Burdur,TR,3
1221,TR621,Adana,TR,3
1222,TR622,Içel,TR,3
1223,TR631,Hatay,TR,3
1224,TR632,Kahramanmaras,TR,3
1225,TR904,Rize,TR,3
1226,TR905,Artvin,TR,3
1227,TR906,Gümüshane,TR,3
1228,TRA11,Erzurum,TR,3
1229,TRC32,Batman,TR,3
1230,TRC33,Sirnak,TR,3
1231,TRC34,Siirt,TR,3
1232,UKC11,Hartlepool and Stockton-on-Tees,UK,3
1233,UKC12,South Teesside,UK,3
1234,UKC13,Darlington,UK,3
1235,UKD45,Mid Lancashire,UK,3
1236,UKD46,East Lancashire,UK,3
1237,UKD47,Chorley and West Lancashire,UK,3
1238,UKD61,Warrington,UK,3
1239,UKE31,"Barnsley, Doncaster and Rotherham",UK,3
1240,UKE32,Sheffield,UK,3
1241,UKE41,Bradford,UK,3
1242,UKE42,Leeds,UK,3
1243,UKE44,Calderdale and Kirklees,UK,3
1244,SI033,Koroška,SI,3
1245,SI034,Savinjska,SI,3
1246,SI035,Zasavska,SI,3
1247,TR633,Osmaniye,TR,3
1248,TR711,Kirikkale,TR,3
1249,TR712,Aksaray,TR,3
1250,TR713,Nigde,TR,3
1251,TR714,Nevsehir,TR,3
1252,TR715,Kirsehir,TR,3
1253,TR721,Kayseri,TR,3
1254,SE311,Värmlands län,SE,3
1255,SE321,Västernorrlands län,SE,3
1256,UKL16,Gwent Valleys,UK,3
1257,UKL17,Bridgend and Neath Port Talbot,UK,3
1258,UKC14,Durham CC,UK,3
1259,UKC21,Northumberland,UK,3
1260,UKL18,Swansea,UK,3
1261,UKL21,Monmouthshire and Newport,UK,3
1262,UKN07,"Armagh City, Banbridge and Craigavon",UK,3
1263,UKK42,Torbay,UK,3
1264,UKE45,Wakefield,UK,3
1265,UKF11,Derby,UK,3
1266,UKF12,East Derbyshire,UK,3
1267,UKF13,South and West Derbyshire,UK,3
1268,UKH23,Hertfordshire,UK,3
1269,UKH24,Bedford,UK,3
1270,UKH25,Central Bedfordshire,UK,3
1271,UKH31,Southend-on-Sea,UK,3
1272,UKH32,Thurrock,UK,3
1273,UKL24,Powys,UK,3
1274,TR722,Sivas,TR,3
1275,TR723,Yozgat,TR,3
1276,TR811,Zonguldak,TR,3
1277,TR812,Karabük,TR,3
1278,TR813,Bartin,TR,3
1279,SE322,Jämtlands län,SE,3
1280,SI036,Posavska,SI,3
1281,UKJ14,Oxfordshire,UK,3
1282,UKJ21,Brighton and Hove,UK,3
1283,UKJ22,East Sussex CC,UK,3
1284,UKM50,Aberdeen City and Aberdeenshire,UK,3
1285,UKC22,Tyneside,UK,3
1286,UKC23,Sunderland,UK,3
1287,UKD11,West Cumbria,UK,3
1288,UKD33,Manchester,UK,3
1289,SI037,Jugovzhodna Slovenija,SI,3
1290,SE312,Dalarnas län,SE,3
1291,UKK13,Gloucestershire,UK,3
1292,UKK14,Swindon,UK,3
1293,UKL22,Cardiff and Vale of Glamorgan,UK,3
1294,UKF14,Nottingham,UK,3
1295,UKF15,North Nottinghamshire,UK,3
1296,UKF16,South Nottinghamshire,UK,3
1297,UKF21,Leicester,UK,3
1298,SK023,Nitriansky kraj,SK,3
1299,SI038,Primorsko-notranjska,SI,3
1300,UKL14,South West Wales,UK,3
1301,UKK41,Plymouth,UK,3
1302,UKM65,Orkney Islands,UK,3
1303,TR821,Kastamonu,TR,3
1304,TR822,Çankiri,TR,3
1305,TR823,Sinop,TR,3
1306,TR831,Samsun,TR,3
1307,TR832,Tokat,TR,3
1308,SI041,Osrednjeslovenska,SI,3
1309,SI042,Gorenjska,SI,3
1310,UKL23,Flintshire and Wrexham,UK,3
1311,TR424,Bolu,TR,3
1312,TR425,Yalova,TR,3
1313,TR510,Ankara,TR,3
1314,TR322,Denizli,TR,3
1315,TRB21,Van,TR,3
1316,UKD12,East Cumbria,UK,3
1317,UKD34,Greater Manchester South West,UK,3
1318,UKD35,Greater Manchester South East,UK,3
1319,SI043,Goriška,SI,3
1320,SE331,Västerbottens län,SE,3
1321,SE332,Norrbottens län,SE,3
1322,TRB22,Mus,TR,3
1323,TRB23,Bitlis,TR,3
1324,TRB24,Hakkari,TR,3
1325,TRC11,Gaziantep,TR,3
1326,RO111,Bihor,RO,3
1327,RO112,Bistriţa-Năsăud,RO,3
1328,SK041,Prešovský kraj,SK,3
1329,SE231,Hallands län,SE,3
1330,SE232,Västra Götalands län,SE,3
1331,RO211,Bacău,RO,3
1332,RO212,Botoşani,RO,3
1333,SK021,Trnavský kraj,SK,3
1334,SE123,Östergötlands län,SE,3
1335,RO226,Vrancea,RO,3
1336,RO311,Argeş,RO,3
1337,SK042,Košický kraj,SK,3
1338,TR213,Kirklareli,TR,3
1339,SE124,Örebro län,SE,3
1340,SE125,Västmanlands län,SE,3
1341,RO414,Olt,RO,3
1342,RO415,Vâlcea,RO,3
1343,TR221,Balikesir,TR,3
1344,RO113,Cluj,RO,3
1345,TR323,Mugla,TR,3
1346,SE221,Blekinge län,SE,3
1347,RO213,Iaşi,RO,3
1348,SK022,Trenčiansky kraj,SK,3
1349,TR412,Eskisehir,TR,3
1350,TR413,Bilecik,TR,3
1351,TR421,Kocaeli,TR,3
1352,SE211,Jönköpings län,SE,3
1353,RO312,Călăraşi,RO,3
1354,RO313,Dâmboviţa,RO,3
1355,TR100,Istanbul,TR,3
1356,TR211,Tekirdag,TR,3
1357,TR212,Edirne,TR,3
1358,SE224,Skåne län,SE,3
1359,SE110,Stockholms län,SE,3
1360,RO421,Arad,RO,3
1361,RO422,Caraş-Severin,RO,3
1362,TR222,Çanakkale,TR,3
1363,TR331,Manisa,TR,3
1364,TR332,Afyon,TR,3
1365,RO114,Maramureş,RO,3
1366,RO115,Satu Mare,RO,3
1367,TR333,Kütahya,TR,3
1368,TR334,Usak,TR,3
1369,TR411,Bursa,TR,3
1370,TRA12,Erzincan,TR,3
1371,TRA13,Bayburt,TR,3
1372,SE121,Uppsala län,SE,3
1373,RO214,Neamţ,RO,3
1374,RO215,Suceava,RO,3
1375,TRA21,Agri,TR,3
1376,TRA22,Kars,TR,3
1377,TRA23,Igdir,TR,3
1378,TRA24,Ardahan,TR,3
1379,UKD62,Cheshire East,UK,3
1380,PT187,Alentejo Central,PT,3
1381,RO124,Harghita,RO,3
1382,RO314,Giurgiu,RO,3
1383,RO315,Ialomiţa,RO,3
1384,UKD63,Cheshire West and Chester,UK,3
1385,UKD71,East Merseyside,UK,3
1386,UKD72,Liverpool,UK,3
1387,TR321,Aydin,TR,3
1388,RO222,Buzău,RO,3
1389,RO223,Constanţa,RO,3
1390,RO423,Hunedoara,RO,3
1391,RO116,Sălaj,RO,3
1392,TR310,Izmir,TR,3
1393,TRB11,Malatya,TR,3
1394,RO322,Ilfov,RO,3
1395,RO411,Dolj,RO,3
1396,RO121,Alba,RO,3
1397,SI031,Pomurska,SI,3
1398,TRB12,Elazig,TR,3
1399,TRB13,Bingöl,TR,3
1400,TRB14,Tunceli,TR,3
1401,UKD73,Sefton,UK,3
1402,UKD74,Wirral,UK,3
1403,UKE11,"Kingston upon Hull, City of",UK,3
1404,PT200,Região Autónoma dos Açores,PT,3
1405,PT300,Região Autónoma da Madeira,PT,3
1406,SI032,Podravska,SI,3
1407,SI044,Obalno-kraška,SI,3
1408,UKE12,East Riding of Yorkshire,UK,3
1409,UKE13,North and North East Lincolnshire,UK,3
1410,TR422,Sakarya,TR,3
1411,TR423,Düzce,TR,3
1412,RO125,Mureş,RO,3
1413,RO126,Sibiu,RO,3
1414,SK010,Bratislavský kraj,SK,3
1415,SK031,Žilinský kraj,SK,3
1416,SE214,Gotlands län,SE,3
1417,RO224,Galaţi,RO,3
1418,RO225,Tulcea,RO,3
1419,SK032,Banskobystrický kraj,SK,3
1420,SE212,Kronobergs län,SE,3
1421,RO412,Gorj,RO,3
1422,RO413,Mehedinţi,RO,3
1423,UKM83,"Inverclyde, East Renfrewshire and Renfrewshire",UK,3
1424,UKM84,North Lanarkshire,UK,3
1425,UKG23,Stoke-on-Trent,UK,3
1426,UKG31,Birmingham,UK,3
1427,UKH36,Heart of Essex,UK,3
1428,UKH37,Essex Thames Gateway,UK,3
1429,UKI31,Camden and City of London,UK,3
1430,UKI32,Westminster,UK,3
1431,UKI33,Kensington & Chelsea and Hammersmith & Fulham,UK,3
1432,UKI34,Wandsworth,UK,3
1433,UKI41,Hackney and Newham,UK,3
1434,UKI42,Tower Hamlets,UK,3
1435,UKJ28,West Sussex (North East),UK,3
1436,UKJ31,Portsmouth,UK,3
1437,UKJ32,Southampton,UK,3
1438,UKJ34,Isle of Wight,UK,3
1439,UKJ35,South Hampshire,UK,3
1440,UKM94,South Ayrshire,UK,3
1441,UKM95,South Lanarkshire,UK,3
1442,UKN06,Belfast,UK,3
1443,UKN09,Ards and North Down,UK,3
1444,UKN10,Derry City and Strabane,UK,3
1445,UKM82,Glasgow City,UK,3
1446,UKH14,Suffolk,UK,3
1447,UKH15,Norwich and East Norfolk,UK,3
1448,UKJ11,Berkshire,UK,3
1449,UKJ12,Milton Keynes,UK,3
1450,UKJ13,Buckinghamshire CC,UK,3
1451,UKM91,Scottish Borders,UK,3
1452,UKM93,East Ayrshire and North Ayrshire mainland,UK,3
1453,UKJ46,West Kent,UK,3
1454,UKK11,"Bristol, City of",UK,3
1455,UKK12,"Bath and North East Somerset, North Somerset and South Gloucestershire",UK,3
1456,UKL12,Gwynedd,UK,3
1457,UKL13,Conwy and Denbighshire,UK,3
1458,UKM66,Shetland Islands,UK,3
1459,UKM71,Angus and Dundee City,UK,3
1460,UKM72,Clackmannanshire and Fife,UK,3
1461,UKH34,Essex Haven Gateway,UK,3
1462,UKH35,West Essex,UK,3
1463,UKJ25,West Surrey,UK,3
1464,UKH16,North and West Norfolk,UK,3
1465,UKH17,Breckland and South Norfolk,UK,3
1466,UKN11,Mid Ulster,UK,3
1467,UKN12,Causeway Coast and Glens,UK,3
1468,UKN13,Antrim and Newtownabbey,UK,3
1469,UKJ26,East Surrey,UK,3
1470,UKJ27,West Sussex (South West),UK,3
1471,UKK15,Wiltshire CC,UK,3
1472,UKM73,East Lothian and Midlothian,UK,3
1473,UKM75,"Edinburgh, City of",UK,3
1474,UKM76,Falkirk,UK,3
1475,UKM78,West Lothian,UK,3
1476,UKK21,Bournemouth and Poole,UK,3
1477,UKK23,Somerset,UK,3
1478,UKL11,Isle of Anglesey,UK,3
1479,UKG32,Solihull,UK,3
1480,UKG22,Shropshire CC,UK,3
1481,UKG33,Coventry,UK,3
1482,UKG36,Dudley,UK,3
1483,UKI43,Haringey and Islington,UK,3
1484,UKK22,Dorset CC,UK,3
1485,UKI44,Lewisham and Southwark,UK,3
1486,UKI45,Lambeth,UK,3
1487,UKI51,Bexley and Greenwich,UK,3
1488,UKI52,Barking & Dagenham and Havering,UK,3
1489,UKG24,Staffordshire CC,UK,3
1490,UKI53,Redbridge and Waltham Forest,UK,3
1491,UKI54,Enfield,UK,3
1492,UKI61,Bromley,UK,3
1493,UKI62,Croydon,UK,3
1494,UKJ36,Central Hampshire,UK,3
1495,UKJ37,North Hampshire,UK,3
1496,UKM64,Na h-Eileanan Siar (Western Isles),UK,3
1497,UKJ41,Medway,UK,3
1498,UKM77,Perth & Kinross and Stirling,UK,3
1499,UKM81,"East Dunbartonshire, West Dunbartonshire and Helensburgh & Lomond",UK,3
1500,UKK30,Cornwall and Isles of Scilly,UK,3
1501,UKN14,Lisburn and Castlereagh,UK,3
1502,UKN15,Mid and East Antrim,UK,3
1503,UKG37,Sandwell,UK,3
1504,UKG38,Walsall,UK,3
1505,UKG39,Wolverhampton,UK,3
1506,UKH11,Peterborough,UK,3
1507,UKH12,Cambridgeshire CC,UK,3
1508,UKH21,Luton,UK,3
1509,UKI63,"Merton, Kingston upon Thames and Sutton",UK,3
1510,UKI71,Barnet,UK,3
1511,UKI72,Brent,UK,3
1512,UKI73,Ealing,UK,3
1513,UKI74,Harrow and Hillingdon,UK,3
1514,UKI75,Hounslow and Richmond upon Thames,UK,3
1515,UKJ43,Kent Thames Gateway,UK,3
1516,UKN08,"Newry, Mourne and Down",UK,3
1517,UKN16,Fermanagh and Omagh,UK,3
1518,UKJ44,East Kent,UK,3
1519,UKJ45,Mid Kent,UK,3
1520,UKL15,Central Valleys,UK,3
1521,UKK43,Devon CC,UK,3
