NUTS_ID,NUTS_NAME,CNTR_CODE,LEVL_CODE,NICENAME
AL,SHQIPËRIA,AL,0,AL - SHQIPËRIA
AL0,SHQIPËRIA,AL,1,AL0 - SHQIPËRIA
AL01,Veri,AL,2,AL01 - Veri
AL011,Dibër,AL,3,AL011 - Dibër
AL012,Durrës,AL,3,AL012 - Durrës
AL013,Kukës,AL,3,AL013 - Kukës
AL014,Lezhë,AL,3,AL014 - Lezhë
AL015,Shkodër,AL,3,AL015 - Shkodër
AL02,Qender,AL,2,AL02 - Qender
AL021,Elbasan,AL,3,AL021 - Elbasan
AL022,Tiranë,AL,3,AL022 - Tiranë
AL03,Jug,AL,2,AL03 - Jug
AL031,Berat,AL,3,AL031 - Berat
AL032,Fier,AL,3,AL032 - Fier
AL033,Gjirokastër,AL,3,AL033 - Gjirokastër
AL034,Korcë,AL,3,AL034 - Korcë
AL035,Vlorë,AL,3,AL035 - Vlorë
AT,ÖSTERREICH,AT,0,AT - ÖSTERREICH
AT1,OSTÖSTERREICH,AT,1,AT1 - OSTÖSTERREICH
AT11,Burgenland,AT,2,AT11 - Burgenland
AT111,Mittelburgenland,AT,3,AT111 - Mittelburgenland
AT112,Nordburgenland,AT,3,AT112 - Nordburgenland
AT113,Südburgenland,AT,3,AT113 - Südburgenland
AT12,Niederösterreich,AT,2,AT12 - Niederösterreich
AT121,Mostviertel-Eisenwurzen,AT,3,AT121 - Mostviertel-Eisenwurzen
AT122,Niederösterreich-Süd,AT,3,AT122 - Niederösterreich-Süd
AT123,Sankt Pölten,AT,3,AT123 - Sankt Pölten
AT124,Waldviertel,AT,3,AT124 - Waldviertel
AT125,Weinviertel,AT,3,AT125 - Weinviertel
AT126,Wiener Umland/Nordteil,AT,3,AT126 - Wiener Umland/Nordteil
AT127,Wiener Umland/Südteil,AT,3,AT127 - Wiener Umland/Südteil
AT13,Wien,AT,2,AT13 - Wien
AT130,Wien,AT,3,AT130 - Wien
AT2,SÜDÖSTERREICH,AT,1,AT2 - SÜDÖSTERREICH
AT21,Kärnten,AT,2,AT21 - Kärnten
AT211,Klagenfurt-Villach,AT,3,AT211 - Klagenfurt-Villach
AT212,Oberkärnten,AT,3,AT212 - Oberkärnten
AT213,Unterkärnten,AT,3,AT213 - Unterkärnten
AT22,Steiermark,AT,2,AT22 - Steiermark
AT221,Graz,AT,3,AT221 - Graz
AT222,Liezen,AT,3,AT222 - Liezen
AT223,Östliche Obersteiermark,AT,3,AT223 - Östliche Obersteiermark
AT224,Oststeiermark,AT,3,AT224 - Oststeiermark
AT225,West- und Südsteiermark,AT,3,AT225 - West- und Südsteiermark
AT226,Westliche Obersteiermark,AT,3,AT226 - Westliche Obersteiermark
AT3,WESTÖSTERREICH,AT,1,AT3 - WESTÖSTERREICH
AT31,Oberösterreich,AT,2,AT31 - Oberösterreich
AT311,Innviertel,AT,3,AT311 - Innviertel
AT312,Linz-Wels,AT,3,AT312 - Linz-Wels
AT313,Mühlviertel,AT,3,AT313 - Mühlviertel
AT314,Steyr-Kirchdorf,AT,3,AT314 - Steyr-Kirchdorf
AT315,Traunviertel,AT,3,AT315 - Traunviertel
AT32,Salzburg,AT,2,AT32 - Salzburg
AT321,Lungau,AT,3,AT321 - Lungau
AT322,Pinzgau-Pongau,AT,3,AT322 - Pinzgau-Pongau
AT323,Salzburg und Umgebung,AT,3,AT323 - Salzburg und Umgebung
AT33,Tirol,AT,2,AT33 - Tirol
AT331,Außerfern,AT,3,AT331 - Außerfern
AT332,Innsbruck,AT,3,AT332 - Innsbruck
AT333,Osttirol,AT,3,AT333 - Osttirol
AT334,Tiroler Oberland,AT,3,AT334 - Tiroler Oberland
AT335,Tiroler Unterland,AT,3,AT335 - Tiroler Unterland
AT34,Vorarlberg,AT,2,AT34 - Vorarlberg
AT341,Bludenz-Bregenzer Wald,AT,3,AT341 - Bludenz-Bregenzer Wald
AT342,Rheintal-Bodenseegebiet,AT,3,AT342 - Rheintal-Bodenseegebiet
BE,BELGIQUE-BELGIË,BE,0,BE - BELGIQUE-BELGIË
BE1,RÉGION DE BRUXELLES-CAPITALE/BRUSSELS HOOFDSTEDELIJK GEWEST,BE,1,BE1 - RÉGION DE BRUXELLES-CAPITALE/BRUSSELS HOOFDSTEDELIJK GEWEST
BE10,Région de Bruxelles-Capitale/ Brussels Hoofdstedelijk Gewest,BE,2,BE10 - Région de Bruxelles-Capitale/ Brussels Hoofdstedelijk Gewest
BE100,Arr. de Bruxelles-Capitale/Arr. van Brussel-Hoofdstad,BE,3,BE100 - Arr. de Bruxelles-Capitale/Arr. van Brussel-Hoofdstad
BE2,VLAAMS GEWEST,BE,1,BE2 - VLAAMS GEWEST
BE21,Prov. Antwerpen,BE,2,BE21 - Prov. Antwerpen
BE211,Arr. Antwerpen,BE,3,BE211 - Arr. Antwerpen
BE212,Arr. Mechelen,BE,3,BE212 - Arr. Mechelen
BE213,Arr. Turnhout,BE,3,BE213 - Arr. Turnhout
BE22,Prov. Limburg (BE),BE,2,BE22 - Prov. Limburg (BE)
BE221,Arr. Hasselt,BE,3,BE221 - Arr. Hasselt
BE222,Arr. Maaseik,BE,3,BE222 - Arr. Maaseik
BE223,Arr. Tongeren,BE,3,BE223 - Arr. Tongeren
BE23,Prov. Oost-Vlaanderen,BE,2,BE23 - Prov. Oost-Vlaanderen
BE231,Arr. Aalst,BE,3,BE231 - Arr. Aalst
BE232,Arr. Dendermonde,BE,3,BE232 - Arr. Dendermonde
BE233,Arr. Eeklo,BE,3,BE233 - Arr. Eeklo
BE234,Arr. Gent,BE,3,BE234 - Arr. Gent
BE235,Arr. Oudenaarde,BE,3,BE235 - Arr. Oudenaarde
BE236,Arr. Sint-Niklaas,BE,3,BE236 - Arr. Sint-Niklaas
BE24,Prov. Vlaams-Brabant,BE,2,BE24 - Prov. Vlaams-Brabant
BE241,Arr. Halle-Vilvoorde,BE,3,BE241 - Arr. Halle-Vilvoorde
BE242,Arr. Leuven,BE,3,BE242 - Arr. Leuven
BE25,Prov. West-Vlaanderen,BE,2,BE25 - Prov. West-Vlaanderen
BE251,Arr. Brugge,BE,3,BE251 - Arr. Brugge
BE252,Arr. Diksmuide,BE,3,BE252 - Arr. Diksmuide
BE253,Arr. Ieper,BE,3,BE253 - Arr. Ieper
BE254,Arr. Kortrijk,BE,3,BE254 - Arr. Kortrijk
BE255,Arr. Oostende,BE,3,BE255 - Arr. Oostende
BE256,Arr. Roeselare,BE,3,BE256 - Arr. Roeselare
BE257,Arr. Tielt,BE,3,BE257 - Arr. Tielt
BE258,Arr. Veurne,BE,3,BE258 - Arr. Veurne
BE3,RÉGION WALLONNE,BE,1,BE3 - RÉGION WALLONNE
BE31,Prov. Brabant Wallon,BE,2,BE31 - Prov. Brabant Wallon
BE310,Arr. Nivelles,BE,3,BE310 - Arr. Nivelles
BE32,Prov. Hainaut,BE,2,BE32 - Prov. Hainaut
BE321,Arr. Ath,BE,3,BE321 - Arr. Ath
BE322,Arr. Charleroi,BE,3,BE322 - Arr. Charleroi
BE323,Arr. Mons,BE,3,BE323 - Arr. Mons
BE324,Arr. Mouscron,BE,3,BE324 - Arr. Mouscron
BE325,Arr. Soignies,BE,3,BE325 - Arr. Soignies
BE326,Arr. Thuin,BE,3,BE326 - Arr. Thuin
BE327,Arr. Tournai,BE,3,BE327 - Arr. Tournai
BE33,Prov. Liège,BE,2,BE33 - Prov. Liège
BE331,Arr. Huy,BE,3,BE331 - Arr. Huy
BE332,Arr. Liège,BE,3,BE332 - Arr. Liège
BE334,Arr. Waremme,BE,3,BE334 - Arr. Waremme
BE335,Arr. Verviers - communes francophones,BE,3,BE335 - Arr. Verviers - communes francophones
BE336,Bezirk Verviers - Deutschsprachige Gemeinschaft,BE,3,BE336 - Bezirk Verviers - Deutschsprachige Gemeinschaft
BE34,Prov. Luxembourg (BE),BE,2,BE34 - Prov. Luxembourg (BE)
BE341,Arr. Arlon,BE,3,BE341 - Arr. Arlon
BE342,Arr. Bastogne,BE,3,BE342 - Arr. Bastogne
BE343,Arr. Marche-en-Famenne,BE,3,BE343 - Arr. Marche-en-Famenne
BE344,Arr. Neufchâteau,BE,3,BE344 - Arr. Neufchâteau
BE345,Arr. Virton,BE,3,BE345 - Arr. Virton
BE35,Prov. Namur,BE,2,BE35 - Prov. Namur
BE351,Arr. Dinant,BE,3,BE351 - Arr. Dinant
BE352,Arr. Namur,BE,3,BE352 - Arr. Namur
BE353,Arr. Philippeville,BE,3,BE353 - Arr. Philippeville
BG,БЪЛГАРИЯ,BG,0,BG - БЪЛГАРИЯ
BG3,СЕВЕРНА И ЮГОИЗТОЧНА БЪЛГАРИЯ,BG,1,BG3 - СЕВЕРНА И ЮГОИЗТОЧНА БЪЛГАРИЯ
BG31,Северозападен,BG,2,BG31 - Северозападен
BG311,Видин,BG,3,BG311 - Видин
BG312,Монтана,BG,3,BG312 - Монтана
BG313,Враца,BG,3,BG313 - Враца
BG314,Плевен,BG,3,BG314 - Плевен
BG315,Ловеч,BG,3,BG315 - Ловеч
BG32,Северен централен,BG,2,BG32 - Северен централен
BG321,Велико Търново,BG,3,BG321 - Велико Търново
BG322,Габрово,BG,3,BG322 - Габрово
BG323,Русе,BG,3,BG323 - Русе
BG324,Разград,BG,3,BG324 - Разград
BG325,Силистра,BG,3,BG325 - Силистра
BG33,Североизточен,BG,2,BG33 - Североизточен
BG331,Варна,BG,3,BG331 - Варна
BG332,Добрич,BG,3,BG332 - Добрич
BG333,Шумен,BG,3,BG333 - Шумен
BG334,Търговище,BG,3,BG334 - Търговище
BG34,Югоизточен,BG,2,BG34 - Югоизточен
BG341,Бургас,BG,3,BG341 - Бургас
BG342,Сливен,BG,3,BG342 - Сливен
BG343,Ямбол,BG,3,BG343 - Ямбол
BG344,Стара Загора,BG,3,BG344 - Стара Загора
BG4,ЮГОЗАПАДНА И ЮЖНА ЦЕНТРАЛНА БЪЛГАРИЯ,BG,1,BG4 - ЮГОЗАПАДНА И ЮЖНА ЦЕНТРАЛНА БЪЛГАРИЯ
BG41,Югозападен,BG,2,BG41 - Югозападен
BG411,София (столица),BG,3,BG411 - София (столица)
BG412,София,BG,3,BG412 - София
BG413,Благоевград,BG,3,BG413 - Благоевград
BG414,Перник,BG,3,BG414 - Перник
BG415,Кюстендил,BG,3,BG415 - Кюстендил
BG42,Южен централен,BG,2,BG42 - Южен централен
BG421,Пловдив,BG,3,BG421 - Пловдив
BG422,Хасково,BG,3,BG422 - Хасково
BG423,Пазарджик,BG,3,BG423 - Пазарджик
BG424,Смолян,BG,3,BG424 - Смолян
BG425,Кърджали,BG,3,BG425 - Кърджали
CH,SCHWEIZ/SUISSE/SVIZZERA,CH,0,CH - SCHWEIZ/SUISSE/SVIZZERA
CH0,SCHWEIZ/SUISSE/SVIZZERA,CH,1,CH0 - SCHWEIZ/SUISSE/SVIZZERA
CH01,Région lémanique,CH,2,CH01 - Région lémanique
CH011,Vaud,CH,3,CH011 - Vaud
CH012,Valais,CH,3,CH012 - Valais
CH013,Genève,CH,3,CH013 - Genève
CH02,Espace Mittelland,CH,2,CH02 - Espace Mittelland
CH021,Bern,CH,3,CH021 - Bern
CH022,Freiburg,CH,3,CH022 - Freiburg
CH023,Solothurn,CH,3,CH023 - Solothurn
CH024,Neuchâtel,CH,3,CH024 - Neuchâtel
CH025,Jura,CH,3,CH025 - Jura
CH03,Nordwestschweiz,CH,2,CH03 - Nordwestschweiz
CH031,Basel-Stadt,CH,3,CH031 - Basel-Stadt
CH032,Basel-Landschaft,CH,3,CH032 - Basel-Landschaft
CH033,Aargau,CH,3,CH033 - Aargau
CH04,Zürich,CH,2,CH04 - Zürich
CH040,Zürich,CH,3,CH040 - Zürich
CH05,Ostschweiz,CH,2,CH05 - Ostschweiz
CH051,Glarus,CH,3,CH051 - Glarus
CH052,Schaffhausen,CH,3,CH052 - Schaffhausen
CH053,Appenzell Ausserrhoden,CH,3,CH053 - Appenzell Ausserrhoden
CH054,Appenzell Innerrhoden,CH,3,CH054 - Appenzell Innerrhoden
CH055,St. Gallen,CH,3,CH055 - St. Gallen
CH056,Graubünden,CH,3,CH056 - Graubünden
CH057,Thurgau,CH,3,CH057 - Thurgau
CH06,Zentralschweiz,CH,2,CH06 - Zentralschweiz
CH061,Luzern,CH,3,CH061 - Luzern
CH062,Uri,CH,3,CH062 - Uri
CH063,Schwyz,CH,3,CH063 - Schwyz
CH064,Obwalden,CH,3,CH064 - Obwalden
CH065,Nidwalden,CH,3,CH065 - Nidwalden
CH066,Zug,CH,3,CH066 - Zug
CH07,Ticino,CH,2,CH07 - Ticino
CH070,Ticino,CH,3,CH070 - Ticino
CY,ΚΥΠΡΟΣ,CY,0,CY - ΚΥΠΡΟΣ
CY0,ΚΥΠΡΟΣ,CY,1,CY0 - ΚΥΠΡΟΣ
CY00,Κύπρος,CY,2,CY00 - Κύπρος
CY000,Κύπρος,CY,3,CY000 - Κύπρος
CZ,ČESKÁ REPUBLIKA,CZ,0,CZ - ČESKÁ REPUBLIKA
CZ0,ČESKÁ REPUBLIKA,CZ,1,CZ0 - ČESKÁ REPUBLIKA
CZ01,Praha,CZ,2,CZ01 - Praha
CZ010,Hlavní město Praha,CZ,3,CZ010 - Hlavní město Praha
CZ02,Střední Čechy,CZ,2,CZ02 - Střední Čechy
CZ020,Středočeský kraj,CZ,3,CZ020 - Středočeský kraj
CZ03,Jihozápad,CZ,2,CZ03 - Jihozápad
CZ031,Jihočeský kraj,CZ,3,CZ031 - Jihočeský kraj
CZ032,Plzeňský kraj,CZ,3,CZ032 - Plzeňský kraj
CZ04,Severozápad,CZ,2,CZ04 - Severozápad
CZ041,Karlovarský kraj,CZ,3,CZ041 - Karlovarský kraj
CZ042,Ústecký kraj,CZ,3,CZ042 - Ústecký kraj
CZ05,Severovýchod,CZ,2,CZ05 - Severovýchod
CZ051,Liberecký kraj,CZ,3,CZ051 - Liberecký kraj
CZ052,Královéhradecký kraj,CZ,3,CZ052 - Královéhradecký kraj
CZ053,Pardubický kraj,CZ,3,CZ053 - Pardubický kraj
CZ06,Jihovýchod,CZ,2,CZ06 - Jihovýchod
CZ063,Kraj Vysočina,CZ,3,CZ063 - Kraj Vysočina
CZ064,Jihomoravský kraj,CZ,3,CZ064 - Jihomoravský kraj
CZ07,Střední Morava,CZ,2,CZ07 - Střední Morava
CZ071,Olomoucký kraj,CZ,3,CZ071 - Olomoucký kraj
CZ072,Zlínský kraj,CZ,3,CZ072 - Zlínský kraj
CZ08,Moravskoslezsko,CZ,2,CZ08 - Moravskoslezsko
CZ080,Moravskoslezský kraj,CZ,3,CZ080 - Moravskoslezský kraj
DE,DEUTSCHLAND,DE,0,DE - DEUTSCHLAND
DE1,BADEN-WÜRTTEMBERG,DE,1,DE1 - BADEN-WÜRTTEMBERG
DE11,Stuttgart,DE,2,DE11 - Stuttgart
DE111,"Stuttgart, Stadtkreis",DE,3,"DE111 - Stuttgart, Stadtkreis"
DE112,Böblingen,DE,3,DE112 - Böblingen
DE113,Esslingen,DE,3,DE113 - Esslingen
DE114,Göppingen,DE,3,DE114 - Göppingen
DE115,Ludwigsburg,DE,3,DE115 - Ludwigsburg
DE116,Rems-Murr-Kreis,DE,3,DE116 - Rems-Murr-Kreis
DE117,"Heilbronn, Stadtkreis",DE,3,"DE117 - Heilbronn, Stadtkreis"
DE118,"Heilbronn, Landkreis",DE,3,"DE118 - Heilbronn, Landkreis"
DE119,Hohenlohekreis,DE,3,DE119 - Hohenlohekreis
DE11A,Schwäbisch Hall,DE,3,DE11A - Schwäbisch Hall
DE11B,Main-Tauber-Kreis,DE,3,DE11B - Main-Tauber-Kreis
DE11C,Heidenheim,DE,3,DE11C - Heidenheim
DE11D,Ostalbkreis,DE,3,DE11D - Ostalbkreis
DE12,Karlsruhe,DE,2,DE12 - Karlsruhe
DE121,"Baden-Baden, Stadtkreis",DE,3,"DE121 - Baden-Baden, Stadtkreis"
DE122,"Karlsruhe, Stadtkreis",DE,3,"DE122 - Karlsruhe, Stadtkreis"
DE123,"Karlsruhe, Landkreis",DE,3,"DE123 - Karlsruhe, Landkreis"
DE124,Rastatt,DE,3,DE124 - Rastatt
DE125,"Heidelberg, Stadtkreis",DE,3,"DE125 - Heidelberg, Stadtkreis"
DE126,"Mannheim, Stadtkreis",DE,3,"DE126 - Mannheim, Stadtkreis"
DE127,Neckar-Odenwald-Kreis,DE,3,DE127 - Neckar-Odenwald-Kreis
DE128,Rhein-Neckar-Kreis,DE,3,DE128 - Rhein-Neckar-Kreis
DE129,"Pforzheim, Stadtkreis",DE,3,"DE129 - Pforzheim, Stadtkreis"
DE12A,Calw,DE,3,DE12A - Calw
DE12B,Enzkreis,DE,3,DE12B - Enzkreis
DE12C,Freudenstadt,DE,3,DE12C - Freudenstadt
DE13,Freiburg,DE,2,DE13 - Freiburg
DE131,"Freiburg im Breisgau, Stadtkreis",DE,3,"DE131 - Freiburg im Breisgau, Stadtkreis"
DE132,Breisgau-Hochschwarzwald,DE,3,DE132 - Breisgau-Hochschwarzwald
DE133,Emmendingen,DE,3,DE133 - Emmendingen
DE134,Ortenaukreis,DE,3,DE134 - Ortenaukreis
DE135,Rottweil,DE,3,DE135 - Rottweil
DE136,Schwarzwald-Baar-Kreis,DE,3,DE136 - Schwarzwald-Baar-Kreis
DE137,Tuttlingen,DE,3,DE137 - Tuttlingen
DE138,Konstanz,DE,3,DE138 - Konstanz
DE139,Lörrach,DE,3,DE139 - Lörrach
DE13A,Waldshut,DE,3,DE13A - Waldshut
DE14,Tübingen,DE,2,DE14 - Tübingen
DE141,Reutlingen,DE,3,DE141 - Reutlingen
DE142,"Tübingen, Landkreis",DE,3,"DE142 - Tübingen, Landkreis"
DE143,Zollernalbkreis,DE,3,DE143 - Zollernalbkreis
DE144,"Ulm, Stadtkreis",DE,3,"DE144 - Ulm, Stadtkreis"
DE145,Alb-Donau-Kreis,DE,3,DE145 - Alb-Donau-Kreis
DE146,Biberach,DE,3,DE146 - Biberach
DE147,Bodenseekreis,DE,3,DE147 - Bodenseekreis
DE148,Ravensburg,DE,3,DE148 - Ravensburg
DE149,Sigmaringen,DE,3,DE149 - Sigmaringen
DE2,BAYERN,DE,1,DE2 - BAYERN
DE21,Oberbayern,DE,2,DE21 - Oberbayern
DE211,"Ingolstadt, Kreisfreie Stadt",DE,3,"DE211 - Ingolstadt, Kreisfreie Stadt"
DE212,"München, Kreisfreie Stadt",DE,3,"DE212 - München, Kreisfreie Stadt"
DE213,"Rosenheim, Kreisfreie Stadt",DE,3,"DE213 - Rosenheim, Kreisfreie Stadt"
DE214,Altötting,DE,3,DE214 - Altötting
DE215,Berchtesgadener Land,DE,3,DE215 - Berchtesgadener Land
DE216,Bad Tölz-Wolfratshausen,DE,3,DE216 - Bad Tölz-Wolfratshausen
DE217,Dachau,DE,3,DE217 - Dachau
DE218,Ebersberg,DE,3,DE218 - Ebersberg
DE219,Eichstätt,DE,3,DE219 - Eichstätt
DE21A,Erding,DE,3,DE21A - Erding
DE21B,Freising,DE,3,DE21B - Freising
DE21C,Fürstenfeldbruck,DE,3,DE21C - Fürstenfeldbruck
DE21D,Garmisch-Partenkirchen,DE,3,DE21D - Garmisch-Partenkirchen
DE21E,Landsberg am Lech,DE,3,DE21E - Landsberg am Lech
DE21F,Miesbach,DE,3,DE21F - Miesbach
DE21G,Mühldorf a. Inn,DE,3,DE21G - Mühldorf a. Inn
DE21H,"München, Landkreis",DE,3,"DE21H - München, Landkreis"
DE21I,Neuburg-Schrobenhausen,DE,3,DE21I - Neuburg-Schrobenhausen
DE21J,Pfaffenhofen a. d. Ilm,DE,3,DE21J - Pfaffenhofen a. d. Ilm
DE21K,"Rosenheim, Landkreis",DE,3,"DE21K - Rosenheim, Landkreis"
DE21L,Starnberg,DE,3,DE21L - Starnberg
DE21M,Traunstein,DE,3,DE21M - Traunstein
DE21N,Weilheim-Schongau,DE,3,DE21N - Weilheim-Schongau
DE22,Niederbayern,DE,2,DE22 - Niederbayern
DE221,"Landshut, Kreisfreie Stadt",DE,3,"DE221 - Landshut, Kreisfreie Stadt"
DE222,"Passau, Kreisfreie Stadt",DE,3,"DE222 - Passau, Kreisfreie Stadt"
DE223,"Straubing, Kreisfreie Stadt",DE,3,"DE223 - Straubing, Kreisfreie Stadt"
DE224,Deggendorf,DE,3,DE224 - Deggendorf
DE225,Freyung-Grafenau,DE,3,DE225 - Freyung-Grafenau
DE226,Kelheim,DE,3,DE226 - Kelheim
DE227,"Landshut, Landkreis",DE,3,"DE227 - Landshut, Landkreis"
DE228,"Passau, Landkreis",DE,3,"DE228 - Passau, Landkreis"
DE229,Regen,DE,3,DE229 - Regen
DE22A,Rottal-Inn,DE,3,DE22A - Rottal-Inn
DE22B,Straubing-Bogen,DE,3,DE22B - Straubing-Bogen
DE22C,Dingolfing-Landau,DE,3,DE22C - Dingolfing-Landau
DE23,Oberpfalz,DE,2,DE23 - Oberpfalz
DE231,"Amberg, Kreisfreie Stadt",DE,3,"DE231 - Amberg, Kreisfreie Stadt"
DE232,"Regensburg, Kreisfreie Stadt",DE,3,"DE232 - Regensburg, Kreisfreie Stadt"
DE233,"Weiden i. d. Opf, Kreisfreie Stadt",DE,3,"DE233 - Weiden i. d. Opf, Kreisfreie Stadt"
DE234,Amberg-Sulzbach,DE,3,DE234 - Amberg-Sulzbach
DE235,Cham,DE,3,DE235 - Cham
DE236,Neumarkt i. d. OPf.,DE,3,DE236 - Neumarkt i. d. OPf.
DE237,Neustadt a. d. Waldnaab,DE,3,DE237 - Neustadt a. d. Waldnaab
DE238,"Regensburg, Landkreis",DE,3,"DE238 - Regensburg, Landkreis"
DE239,Schwandorf,DE,3,DE239 - Schwandorf
DE23A,Tirschenreuth,DE,3,DE23A - Tirschenreuth
DE24,Oberfranken,DE,2,DE24 - Oberfranken
DE241,"Bamberg, Kreisfreie Stadt",DE,3,"DE241 - Bamberg, Kreisfreie Stadt"
DE242,"Bayreuth, Kreisfreie Stadt",DE,3,"DE242 - Bayreuth, Kreisfreie Stadt"
DE243,"Coburg, Kreisfreie Stadt",DE,3,"DE243 - Coburg, Kreisfreie Stadt"
DE244,"Hof, Kreisfreie Stadt",DE,3,"DE244 - Hof, Kreisfreie Stadt"
DE245,"Bamberg, Landkreis",DE,3,"DE245 - Bamberg, Landkreis"
DE246,"Bayreuth, Landkreis",DE,3,"DE246 - Bayreuth, Landkreis"
DE247,"Coburg, Landkreis",DE,3,"DE247 - Coburg, Landkreis"
DE248,Forchheim,DE,3,DE248 - Forchheim
DE249,"Hof, Landkreis",DE,3,"DE249 - Hof, Landkreis"
DE24A,Kronach,DE,3,DE24A - Kronach
DE24B,Kulmbach,DE,3,DE24B - Kulmbach
DE24C,Lichtenfels,DE,3,DE24C - Lichtenfels
DE24D,Wunsiedel i. Fichtelgebirge,DE,3,DE24D - Wunsiedel i. Fichtelgebirge
DE25,Mittelfranken,DE,2,DE25 - Mittelfranken
DE251,"Ansbach, Kreisfreie Stadt",DE,3,"DE251 - Ansbach, Kreisfreie Stadt"
DE252,"Erlangen, Kreisfreie Stadt",DE,3,"DE252 - Erlangen, Kreisfreie Stadt"
DE253,"Fürth, Kreisfreie Stadt",DE,3,"DE253 - Fürth, Kreisfreie Stadt"
DE254,"Nürnberg, Kreisfreie Stadt",DE,3,"DE254 - Nürnberg, Kreisfreie Stadt"
DE255,"Schwabach, Kreisfreie Stadt",DE,3,"DE255 - Schwabach, Kreisfreie Stadt"
DE256,"Ansbach, Landkreis",DE,3,"DE256 - Ansbach, Landkreis"
DE257,Erlangen-Höchstadt,DE,3,DE257 - Erlangen-Höchstadt
DE258,"Fürth, Landkreis",DE,3,"DE258 - Fürth, Landkreis"
DE259,Nürnberger Land,DE,3,DE259 - Nürnberger Land
DE25A,Neustadt a. d. Aisch-Bad Windsheim,DE,3,DE25A - Neustadt a. d. Aisch-Bad Windsheim
DE25B,Roth,DE,3,DE25B - Roth
DE25C,Weißenburg-Gunzenhausen,DE,3,DE25C - Weißenburg-Gunzenhausen
DE26,Unterfranken,DE,2,DE26 - Unterfranken
DE261,"Aschaffenburg, Kreisfreie Stadt",DE,3,"DE261 - Aschaffenburg, Kreisfreie Stadt"
DE262,"Schweinfurt, Kreisfreie Stadt",DE,3,"DE262 - Schweinfurt, Kreisfreie Stadt"
DE263,"Würzburg, Kreisfreie Stadt",DE,3,"DE263 - Würzburg, Kreisfreie Stadt"
DE264,"Aschaffenburg, Landkreis",DE,3,"DE264 - Aschaffenburg, Landkreis"
DE265,Bad Kissingen,DE,3,DE265 - Bad Kissingen
DE266,Rhön-Grabfeld,DE,3,DE266 - Rhön-Grabfeld
DE267,Haßberge,DE,3,DE267 - Haßberge
DE268,Kitzingen,DE,3,DE268 - Kitzingen
DE269,Miltenberg,DE,3,DE269 - Miltenberg
DE26A,Main-Spessart,DE,3,DE26A - Main-Spessart
DE26B,"Schweinfurt, Landkreis",DE,3,"DE26B - Schweinfurt, Landkreis"
DE26C,"Würzburg, Landkreis",DE,3,"DE26C - Würzburg, Landkreis"
DE27,Schwaben,DE,2,DE27 - Schwaben
DE271,"Augsburg, Kreisfreie Stadt",DE,3,"DE271 - Augsburg, Kreisfreie Stadt"
DE272,"Kaufbeuren, Kreisfreie Stadt",DE,3,"DE272 - Kaufbeuren, Kreisfreie Stadt"
DE273,"Kempten (Allgäu), Kreisfreie Stadt",DE,3,"DE273 - Kempten (Allgäu), Kreisfreie Stadt"
DE274,"Memmingen, Kreisfreie Stadt",DE,3,"DE274 - Memmingen, Kreisfreie Stadt"
DE275,Aichach-Friedberg,DE,3,DE275 - Aichach-Friedberg
DE276,"Augsburg, Landkreis",DE,3,"DE276 - Augsburg, Landkreis"
DE277,Dillingen a.d. Donau,DE,3,DE277 - Dillingen a.d. Donau
DE278,Günzburg,DE,3,DE278 - Günzburg
DE279,Neu-Ulm,DE,3,DE279 - Neu-Ulm
DE27A,Lindau (Bodensee),DE,3,DE27A - Lindau (Bodensee)
DE27B,Ostallgäu,DE,3,DE27B - Ostallgäu
DE27C,Unterallgäu,DE,3,DE27C - Unterallgäu
DE27D,Donau-Ries,DE,3,DE27D - Donau-Ries
DE27E,Oberallgäu,DE,3,DE27E - Oberallgäu
DE3,BERLIN,DE,1,DE3 - BERLIN
DE30,Berlin,DE,2,DE30 - Berlin
DE300,Berlin,DE,3,DE300 - Berlin
DE4,BRANDENBURG,DE,1,DE4 - BRANDENBURG
DE40,Brandenburg,DE,2,DE40 - Brandenburg
DE401,"Brandenburg an der Havel, Kreisfreie Stadt",DE,3,"DE401 - Brandenburg an der Havel, Kreisfreie Stadt"
DE402,"Cottbus, Kreisfreie Stadt",DE,3,"DE402 - Cottbus, Kreisfreie Stadt"
DE403,"Frankfurt (Oder), Kreisfreie Stadt",DE,3,"DE403 - Frankfurt (Oder), Kreisfreie Stadt"
DE404,"Potsdam, Kreisfreie Stadt",DE,3,"DE404 - Potsdam, Kreisfreie Stadt"
DE405,Barnim,DE,3,DE405 - Barnim
DE406,Dahme-Spreewald,DE,3,DE406 - Dahme-Spreewald
DE407,Elbe-Elster,DE,3,DE407 - Elbe-Elster
DE408,Havelland,DE,3,DE408 - Havelland
DE409,Märkisch-Oderland,DE,3,DE409 - Märkisch-Oderland
DE40A,Oberhavel,DE,3,DE40A - Oberhavel
DE40B,Oberspreewald-Lausitz,DE,3,DE40B - Oberspreewald-Lausitz
DE40C,Oder-Spree,DE,3,DE40C - Oder-Spree
DE40D,Ostprignitz-Ruppin,DE,3,DE40D - Ostprignitz-Ruppin
DE40E,Potsdam-Mittelmark,DE,3,DE40E - Potsdam-Mittelmark
DE40F,Prignitz,DE,3,DE40F - Prignitz
DE40G,Spree-Neiße,DE,3,DE40G - Spree-Neiße
DE40H,Teltow-Fläming,DE,3,DE40H - Teltow-Fläming
DE40I,Uckermark,DE,3,DE40I - Uckermark
DE5,BREMEN,DE,1,DE5 - BREMEN
DE50,Bremen,DE,2,DE50 - Bremen
DE501,"Bremen, Kreisfreie Stadt",DE,3,"DE501 - Bremen, Kreisfreie Stadt"
DE502,"Bremerhaven, Kreisfreie Stadt",DE,3,"DE502 - Bremerhaven, Kreisfreie Stadt"
DE6,HAMBURG,DE,1,DE6 - HAMBURG
DE60,Hamburg,DE,2,DE60 - Hamburg
DE600,Hamburg,DE,3,DE600 - Hamburg
DE7,HESSEN,DE,1,DE7 - HESSEN
DE71,Darmstadt,DE,2,DE71 - Darmstadt
DE711,"Darmstadt, Kreisfreie Stadt",DE,3,"DE711 - Darmstadt, Kreisfreie Stadt"
DE712,"Frankfurt am Main, Kreisfreie Stadt",DE,3,"DE712 - Frankfurt am Main, Kreisfreie Stadt"
DE713,"Offenbach am Main, Kreisfreie Stadt",DE,3,"DE713 - Offenbach am Main, Kreisfreie Stadt"
DE714,"Wiesbaden, Kreisfreie Stadt",DE,3,"DE714 - Wiesbaden, Kreisfreie Stadt"
DE715,Bergstraße,DE,3,DE715 - Bergstraße
DE716,Darmstadt-Dieburg,DE,3,DE716 - Darmstadt-Dieburg
DE717,Groß-Gerau,DE,3,DE717 - Groß-Gerau
DE718,Hochtaunuskreis,DE,3,DE718 - Hochtaunuskreis
DE719,Main-Kinzig-Kreis,DE,3,DE719 - Main-Kinzig-Kreis
DE71A,Main-Taunus-Kreis,DE,3,DE71A - Main-Taunus-Kreis
DE71B,Odenwaldkreis,DE,3,DE71B - Odenwaldkreis
DE71C,"Offenbach, Landkreis",DE,3,"DE71C - Offenbach, Landkreis"
DE71D,Rheingau-Taunus-Kreis,DE,3,DE71D - Rheingau-Taunus-Kreis
DE71E,Wetteraukreis,DE,3,DE71E - Wetteraukreis
DE72,Gießen,DE,2,DE72 - Gießen
DE721,"Gießen, Landkreis",DE,3,"DE721 - Gießen, Landkreis"
DE722,Lahn-Dill-Kreis,DE,3,DE722 - Lahn-Dill-Kreis
DE723,Limburg-Weilburg,DE,3,DE723 - Limburg-Weilburg
DE724,Marburg-Biedenkopf,DE,3,DE724 - Marburg-Biedenkopf
DE725,Vogelsbergkreis,DE,3,DE725 - Vogelsbergkreis
DE73,Kassel,DE,2,DE73 - Kassel
DE731,"Kassel, Kreisfreie Stadt",DE,3,"DE731 - Kassel, Kreisfreie Stadt"
DE732,Fulda,DE,3,DE732 - Fulda
DE733,Hersfeld-Rotenburg,DE,3,DE733 - Hersfeld-Rotenburg
DE734,"Kassel, Landkreis",DE,3,"DE734 - Kassel, Landkreis"
DE735,Schwalm-Eder-Kreis,DE,3,DE735 - Schwalm-Eder-Kreis
DE736,Waldeck-Frankenberg,DE,3,DE736 - Waldeck-Frankenberg
DE737,Werra-Meißner-Kreis,DE,3,DE737 - Werra-Meißner-Kreis
DE8,MECKLENBURG-VORPOMMERN,DE,1,DE8 - MECKLENBURG-VORPOMMERN
DE80,Mecklenburg-Vorpommern,DE,2,DE80 - Mecklenburg-Vorpommern
DE803,"Rostock, Kreisfreie Stadt",DE,3,"DE803 - Rostock, Kreisfreie Stadt"
DE804,"Schwerin, Kreisfreie Stadt",DE,3,"DE804 - Schwerin, Kreisfreie Stadt"
DE80J,Mecklenburgische Seenplatte,DE,3,DE80J - Mecklenburgische Seenplatte
DE80K,Landkreis Rostock,DE,3,DE80K - Landkreis Rostock
DE80L,Vorpommern-Rügen,DE,3,DE80L - Vorpommern-Rügen
DE80M,Nordwestmecklenburg,DE,3,DE80M - Nordwestmecklenburg
DE80N,Vorpommern-Greifswald,DE,3,DE80N - Vorpommern-Greifswald
DE80O,Ludwigslust-Parchim,DE,3,DE80O - Ludwigslust-Parchim
DE9,NIEDERSACHSEN,DE,1,DE9 - NIEDERSACHSEN
DE91,Braunschweig,DE,2,DE91 - Braunschweig
DE911,"Braunschweig, Kreisfreie Stadt",DE,3,"DE911 - Braunschweig, Kreisfreie Stadt"
DE912,"Salzgitter, Kreisfreie Stadt",DE,3,"DE912 - Salzgitter, Kreisfreie Stadt"
DE913,"Wolfsburg, Kreisfreie Stadt",DE,3,"DE913 - Wolfsburg, Kreisfreie Stadt"
DE914,Gifhorn,DE,3,DE914 - Gifhorn
DE916,Goslar,DE,3,DE916 - Goslar
DE917,Helmstedt,DE,3,DE917 - Helmstedt
DE918,Northeim,DE,3,DE918 - Northeim
DE91A,Peine,DE,3,DE91A - Peine
DE91B,Wolfenbüttel,DE,3,DE91B - Wolfenbüttel
DE91C,Göttingen,DE,3,DE91C - Göttingen
DE92,Hannover,DE,2,DE92 - Hannover
DE922,Diepholz,DE,3,DE922 - Diepholz
DE923,Hameln-Pyrmont,DE,3,DE923 - Hameln-Pyrmont
DE925,Hildesheim,DE,3,DE925 - Hildesheim
DE926,Holzminden,DE,3,DE926 - Holzminden
DE927,Nienburg (Weser),DE,3,DE927 - Nienburg (Weser)
DE928,Schaumburg,DE,3,DE928 - Schaumburg
DE929,Region Hannover,DE,3,DE929 - Region Hannover
DE93,Lüneburg,DE,2,DE93 - Lüneburg
DE931,Celle,DE,3,DE931 - Celle
DE932,Cuxhaven,DE,3,DE932 - Cuxhaven
DE933,Harburg,DE,3,DE933 - Harburg
DE934,Lüchow-Dannenberg,DE,3,DE934 - Lüchow-Dannenberg
DE935,"Lüneburg, Landkreis",DE,3,"DE935 - Lüneburg, Landkreis"
DE936,Osterholz,DE,3,DE936 - Osterholz
DE937,Rotenburg (Wümme),DE,3,DE937 - Rotenburg (Wümme)
DE938,Heidekreis,DE,3,DE938 - Heidekreis
DE939,Stade,DE,3,DE939 - Stade
DE93A,Uelzen,DE,3,DE93A - Uelzen
DE93B,Verden,DE,3,DE93B - Verden
DE94,Weser-Ems,DE,2,DE94 - Weser-Ems
DE941,"Delmenhorst, Kreisfreie Stadt",DE,3,"DE941 - Delmenhorst, Kreisfreie Stadt"
DE942,"Emden, Kreisfreie Stadt",DE,3,"DE942 - Emden, Kreisfreie Stadt"
DE943,"Oldenburg (Oldenburg), Kreisfreie Stadt",DE,3,"DE943 - Oldenburg (Oldenburg), Kreisfreie Stadt"
DE944,"Osnabrück, Kreisfreie Stadt",DE,3,"DE944 - Osnabrück, Kreisfreie Stadt"
DE945,"Wilhelmshaven, Kreisfreie Stadt",DE,3,"DE945 - Wilhelmshaven, Kreisfreie Stadt"
DE946,Ammerland,DE,3,DE946 - Ammerland
DE947,Aurich,DE,3,DE947 - Aurich
DE948,Cloppenburg,DE,3,DE948 - Cloppenburg
DE949,Emsland,DE,3,DE949 - Emsland
DE94A,Friesland (DE),DE,3,DE94A - Friesland (DE)
DE94B,Grafschaft Bentheim,DE,3,DE94B - Grafschaft Bentheim
DE94C,Leer,DE,3,DE94C - Leer
DE94D,"Oldenburg, Landkreis",DE,3,"DE94D - Oldenburg, Landkreis"
DE94E,"Osnabrück, Landkreis",DE,3,"DE94E - Osnabrück, Landkreis"
DE94F,Vechta,DE,3,DE94F - Vechta
DE94G,Wesermarsch,DE,3,DE94G - Wesermarsch
DE94H,Wittmund,DE,3,DE94H - Wittmund
DEA,NORDRHEIN-WESTFALEN,DE,1,DEA - NORDRHEIN-WESTFALEN
DEA1,Düsseldorf,DE,2,DEA1 - Düsseldorf
DEA11,"Düsseldorf, Kreisfreie Stadt",DE,3,"DEA11 - Düsseldorf, Kreisfreie Stadt"
DEA12,"Duisburg, Kreisfreie Stadt",DE,3,"DEA12 - Duisburg, Kreisfreie Stadt"
DEA13,"Essen, Kreisfreie Stadt",DE,3,"DEA13 - Essen, Kreisfreie Stadt"
DEA14,"Krefeld, Kreisfreie Stadt",DE,3,"DEA14 - Krefeld, Kreisfreie Stadt"
DEA15,"Mönchengladbach, Kreisfreie Stadt",DE,3,"DEA15 - Mönchengladbach, Kreisfreie Stadt"
DEA16,"Mülheim an der Ruhr, Kreisfreie Stadt",DE,3,"DEA16 - Mülheim an der Ruhr, Kreisfreie Stadt"
DEA17,"Oberhausen, Kreisfreie Stadt",DE,3,"DEA17 - Oberhausen, Kreisfreie Stadt"
DEA18,"Remscheid, Kreisfreie Stadt",DE,3,"DEA18 - Remscheid, Kreisfreie Stadt"
DEA19,"Solingen, Kreisfreie Stadt",DE,3,"DEA19 - Solingen, Kreisfreie Stadt"
DEA1A,"Wuppertal, Kreisfreie Stadt",DE,3,"DEA1A - Wuppertal, Kreisfreie Stadt"
DEA1B,Kleve,DE,3,DEA1B - Kleve
DEA1C,Mettmann,DE,3,DEA1C - Mettmann
DEA1D,Rhein-Kreis Neuss,DE,3,DEA1D - Rhein-Kreis Neuss
DEA1E,Viersen,DE,3,DEA1E - Viersen
DEA1F,Wesel,DE,3,DEA1F - Wesel
DEA2,Köln,DE,2,DEA2 - Köln
DEA22,"Bonn, Kreisfreie Stadt",DE,3,"DEA22 - Bonn, Kreisfreie Stadt"
DEA23,"Köln, Kreisfreie Stadt",DE,3,"DEA23 - Köln, Kreisfreie Stadt"
DEA24,"Leverkusen, Kreisfreie Stadt",DE,3,"DEA24 - Leverkusen, Kreisfreie Stadt"
DEA26,Düren,DE,3,DEA26 - Düren
DEA27,Rhein-Erft-Kreis,DE,3,DEA27 - Rhein-Erft-Kreis
DEA28,Euskirchen,DE,3,DEA28 - Euskirchen
DEA29,Heinsberg,DE,3,DEA29 - Heinsberg
DEA2A,Oberbergischer Kreis,DE,3,DEA2A - Oberbergischer Kreis
DEA2B,Rheinisch-Bergischer Kreis,DE,3,DEA2B - Rheinisch-Bergischer Kreis
DEA2C,Rhein-Sieg-Kreis,DE,3,DEA2C - Rhein-Sieg-Kreis
DEA2D,Städteregion Aachen,DE,3,DEA2D - Städteregion Aachen
DEA3,Münster,DE,2,DEA3 - Münster
DEA31,"Bottrop, Kreisfreie Stadt",DE,3,"DEA31 - Bottrop, Kreisfreie Stadt"
DEA32,"Gelsenkirchen, Kreisfreie Stadt",DE,3,"DEA32 - Gelsenkirchen, Kreisfreie Stadt"
DEA33,"Münster, Kreisfreie Stadt",DE,3,"DEA33 - Münster, Kreisfreie Stadt"
DEA34,Borken,DE,3,DEA34 - Borken
DEA35,Coesfeld,DE,3,DEA35 - Coesfeld
DEA36,Recklinghausen,DE,3,DEA36 - Recklinghausen
DEA37,Steinfurt,DE,3,DEA37 - Steinfurt
DEA38,Warendorf,DE,3,DEA38 - Warendorf
DEA4,Detmold,DE,2,DEA4 - Detmold
DEA41,"Bielefeld, Kreisfreie Stadt",DE,3,"DEA41 - Bielefeld, Kreisfreie Stadt"
DEA42,Gütersloh,DE,3,DEA42 - Gütersloh
DEA43,Herford,DE,3,DEA43 - Herford
DEA44,Höxter,DE,3,DEA44 - Höxter
DEA45,Lippe,DE,3,DEA45 - Lippe
DEA46,Minden-Lübbecke,DE,3,DEA46 - Minden-Lübbecke
DEA47,Paderborn,DE,3,DEA47 - Paderborn
DEA5,Arnsberg,DE,2,DEA5 - Arnsberg
DEA51,"Bochum, Kreisfreie Stadt",DE,3,"DEA51 - Bochum, Kreisfreie Stadt"
DEA52,"Dortmund, Kreisfreie Stadt",DE,3,"DEA52 - Dortmund, Kreisfreie Stadt"
DEA53,"Hagen, Kreisfreie Stadt",DE,3,"DEA53 - Hagen, Kreisfreie Stadt"
DEA54,"Hamm, Kreisfreie Stadt",DE,3,"DEA54 - Hamm, Kreisfreie Stadt"
DEA55,"Herne, Kreisfreie Stadt",DE,3,"DEA55 - Herne, Kreisfreie Stadt"
DEA56,Ennepe-Ruhr-Kreis,DE,3,DEA56 - Ennepe-Ruhr-Kreis
DEA57,Hochsauerlandkreis,DE,3,DEA57 - Hochsauerlandkreis
DEA58,Märkischer Kreis,DE,3,DEA58 - Märkischer Kreis
DEA59,Olpe,DE,3,DEA59 - Olpe
DEA5A,Siegen-Wittgenstein,DE,3,DEA5A - Siegen-Wittgenstein
DEA5B,Soest,DE,3,DEA5B - Soest
DEA5C,Unna,DE,3,DEA5C - Unna
DEB,RHEINLAND-PFALZ,DE,1,DEB - RHEINLAND-PFALZ
DEB1,Koblenz,DE,2,DEB1 - Koblenz
DEB11,"Koblenz, Kreisfreie Stadt",DE,3,"DEB11 - Koblenz, Kreisfreie Stadt"
DEB12,Ahrweiler,DE,3,DEB12 - Ahrweiler
DEB13,Altenkirchen (Westerwald),DE,3,DEB13 - Altenkirchen (Westerwald)
DEB14,Bad Kreuznach,DE,3,DEB14 - Bad Kreuznach
DEB15,Birkenfeld,DE,3,DEB15 - Birkenfeld
DEB17,Mayen-Koblenz,DE,3,DEB17 - Mayen-Koblenz
DEB18,Neuwied,DE,3,DEB18 - Neuwied
DEB1A,Rhein-Lahn-Kreis,DE,3,DEB1A - Rhein-Lahn-Kreis
DEB1B,Westerwaldkreis,DE,3,DEB1B - Westerwaldkreis
DEB1C,Cochem-Zell,DE,3,DEB1C - Cochem-Zell
DEB1D,Rhein-Hunsrück-Kreis,DE,3,DEB1D - Rhein-Hunsrück-Kreis
DEB2,Trier,DE,2,DEB2 - Trier
DEB21,"Trier, Kreisfreie Stadt",DE,3,"DEB21 - Trier, Kreisfreie Stadt"
DEB22,Bernkastel-Wittlich,DE,3,DEB22 - Bernkastel-Wittlich
DEB23,Eifelkreis Bitburg-Prüm,DE,3,DEB23 - Eifelkreis Bitburg-Prüm
DEB24,Vulkaneifel,DE,3,DEB24 - Vulkaneifel
DEB25,Trier-Saarburg,DE,3,DEB25 - Trier-Saarburg
DEB3,Rheinhessen-Pfalz,DE,2,DEB3 - Rheinhessen-Pfalz
DEB31,"Frankenthal (Pfalz), Kreisfreie Stadt",DE,3,"DEB31 - Frankenthal (Pfalz), Kreisfreie Stadt"
DEB32,"Kaiserslautern, Kreisfreie Stadt",DE,3,"DEB32 - Kaiserslautern, Kreisfreie Stadt"
DEB33,"Landau in der Pfalz, Kreisfreie Stadt",DE,3,"DEB33 - Landau in der Pfalz, Kreisfreie Stadt"
DEB34,"Ludwigshafen am Rhein, Kreisfreie Stadt",DE,3,"DEB34 - Ludwigshafen am Rhein, Kreisfreie Stadt"
DEB35,"Mainz, Kreisfreie Stadt",DE,3,"DEB35 - Mainz, Kreisfreie Stadt"
DEB36,"Neustadt an der Weinstraße, Kreisfreie Stadt",DE,3,"DEB36 - Neustadt an der Weinstraße, Kreisfreie Stadt"
DEB37,"Pirmasens, Kreisfreie Stadt",DE,3,"DEB37 - Pirmasens, Kreisfreie Stadt"
DEB38,"Speyer, Kreisfreie Stadt",DE,3,"DEB38 - Speyer, Kreisfreie Stadt"
DEB39,"Worms, Kreisfreie Stadt",DE,3,"DEB39 - Worms, Kreisfreie Stadt"
DEB3A,"Zweibrücken, Kreisfreie Stadt",DE,3,"DEB3A - Zweibrücken, Kreisfreie Stadt"
DEB3B,Alzey-Worms,DE,3,DEB3B - Alzey-Worms
DEB3C,Bad Dürkheim,DE,3,DEB3C - Bad Dürkheim
DEB3D,Donnersbergkreis,DE,3,DEB3D - Donnersbergkreis
DEB3E,Germersheim,DE,3,DEB3E - Germersheim
DEB3F,"Kaiserslautern, Landkreis",DE,3,"DEB3F - Kaiserslautern, Landkreis"
DEB3G,Kusel,DE,3,DEB3G - Kusel
DEB3H,Südliche Weinstraße,DE,3,DEB3H - Südliche Weinstraße
DEB3I,Rhein-Pfalz-Kreis,DE,3,DEB3I - Rhein-Pfalz-Kreis
DEB3J,Mainz-Bingen,DE,3,DEB3J - Mainz-Bingen
DEB3K,Südwestpfalz,DE,3,DEB3K - Südwestpfalz
DEC,SAARLAND,DE,1,DEC - SAARLAND
DEC0,Saarland,DE,2,DEC0 - Saarland
DEC01,Regionalverband Saarbrücken,DE,3,DEC01 - Regionalverband Saarbrücken
DEC02,Merzig-Wadern,DE,3,DEC02 - Merzig-Wadern
DEC03,Neunkirchen,DE,3,DEC03 - Neunkirchen
DEC04,Saarlouis,DE,3,DEC04 - Saarlouis
DEC05,Saarpfalz-Kreis,DE,3,DEC05 - Saarpfalz-Kreis
DEC06,St. Wendel,DE,3,DEC06 - St. Wendel
DED,SACHSEN,DE,1,DED - SACHSEN
DED2,Dresden,DE,2,DED2 - Dresden
DED21,"Dresden, Kreisfreie Stadt",DE,3,"DED21 - Dresden, Kreisfreie Stadt"
DED2C,Bautzen,DE,3,DED2C - Bautzen
DED2D,Görlitz,DE,3,DED2D - Görlitz
DED2E,Meißen,DE,3,DED2E - Meißen
DED2F,Sächsische Schweiz-Osterzgebirge,DE,3,DED2F - Sächsische Schweiz-Osterzgebirge
DED4,Chemnitz,DE,2,DED4 - Chemnitz
DED41,"Chemnitz, Kreisfreie Stadt",DE,3,"DED41 - Chemnitz, Kreisfreie Stadt"
DED42,Erzgebirgskreis,DE,3,DED42 - Erzgebirgskreis
DED43,Mittelsachsen,DE,3,DED43 - Mittelsachsen
DED44,Vogtlandkreis,DE,3,DED44 - Vogtlandkreis
DED45,Zwickau,DE,3,DED45 - Zwickau
DED5,Leipzig,DE,2,DED5 - Leipzig
DED51,"Leipzig, Kreisfreie Stadt",DE,3,"DED51 - Leipzig, Kreisfreie Stadt"
DED52,Leipzig,DE,3,DED52 - Leipzig
DED53,Nordsachsen,DE,3,DED53 - Nordsachsen
DEE,SACHSEN-ANHALT,DE,1,DEE - SACHSEN-ANHALT
DEE0,Sachsen-Anhalt,DE,2,DEE0 - Sachsen-Anhalt
DEE01,"Dessau-Roßlau, Kreisfreie Stadt",DE,3,"DEE01 - Dessau-Roßlau, Kreisfreie Stadt"
DEE02,"Halle (Saale), Kreisfreie Stadt",DE,3,"DEE02 - Halle (Saale), Kreisfreie Stadt"
DEE03,"Magdeburg, Kreisfreie Stadt",DE,3,"DEE03 - Magdeburg, Kreisfreie Stadt"
DEE04,Altmarkkreis Salzwedel,DE,3,DEE04 - Altmarkkreis Salzwedel
DEE05,Anhalt-Bitterfeld,DE,3,DEE05 - Anhalt-Bitterfeld
DEE06,Jerichower Land,DE,3,DEE06 - Jerichower Land
DEE07,Börde,DE,3,DEE07 - Börde
DEE08,Burgenlandkreis,DE,3,DEE08 - Burgenlandkreis
DEE09,Harz,DE,3,DEE09 - Harz
DEE0A,Mansfeld-Südharz,DE,3,DEE0A - Mansfeld-Südharz
DEE0B,Saalekreis,DE,3,DEE0B - Saalekreis
DEE0C,Salzlandkreis,DE,3,DEE0C - Salzlandkreis
DEE0D,Stendal,DE,3,DEE0D - Stendal
DEE0E,Wittenberg,DE,3,DEE0E - Wittenberg
DEF,SCHLESWIG-HOLSTEIN,DE,1,DEF - SCHLESWIG-HOLSTEIN
DEF0,Schleswig-Holstein,DE,2,DEF0 - Schleswig-Holstein
DEF01,"Flensburg, Kreisfreie Stadt",DE,3,"DEF01 - Flensburg, Kreisfreie Stadt"
DEF02,"Kiel, Kreisfreie Stadt",DE,3,"DEF02 - Kiel, Kreisfreie Stadt"
DEF03,"Lübeck, Kreisfreie Stadt",DE,3,"DEF03 - Lübeck, Kreisfreie Stadt"
DEF04,"Neumünster, Kreisfreie Stadt",DE,3,"DEF04 - Neumünster, Kreisfreie Stadt"
DEF05,Dithmarschen,DE,3,DEF05 - Dithmarschen
DEF06,Herzogtum Lauenburg,DE,3,DEF06 - Herzogtum Lauenburg
DEF07,Nordfriesland,DE,3,DEF07 - Nordfriesland
DEF08,Ostholstein,DE,3,DEF08 - Ostholstein
DEF09,Pinneberg,DE,3,DEF09 - Pinneberg
DEF0A,Plön,DE,3,DEF0A - Plön
DEF0B,Rendsburg-Eckernförde,DE,3,DEF0B - Rendsburg-Eckernförde
DEF0C,Schleswig-Flensburg,DE,3,DEF0C - Schleswig-Flensburg
DEF0D,Segeberg,DE,3,DEF0D - Segeberg
DEF0E,Steinburg,DE,3,DEF0E - Steinburg
DEF0F,Stormarn,DE,3,DEF0F - Stormarn
DEG,THÜRINGEN,DE,1,DEG - THÜRINGEN
DEG0,Thüringen,DE,2,DEG0 - Thüringen
DEG01,"Erfurt, Kreisfreie Stadt",DE,3,"DEG01 - Erfurt, Kreisfreie Stadt"
DEG02,"Gera, Kreisfreie Stadt",DE,3,"DEG02 - Gera, Kreisfreie Stadt"
DEG03,"Jena, Kreisfreie Stadt",DE,3,"DEG03 - Jena, Kreisfreie Stadt"
DEG04,"Suhl, Kreisfreie Stadt",DE,3,"DEG04 - Suhl, Kreisfreie Stadt"
DEG05,"Weimar, Kreisfreie Stadt",DE,3,"DEG05 - Weimar, Kreisfreie Stadt"
DEG06,Eichsfeld,DE,3,DEG06 - Eichsfeld
DEG07,Nordhausen,DE,3,DEG07 - Nordhausen
DEG09,Unstrut-Hainich-Kreis,DE,3,DEG09 - Unstrut-Hainich-Kreis
DEG0A,Kyffhäuserkreis,DE,3,DEG0A - Kyffhäuserkreis
DEG0B,Schmalkalden-Meiningen,DE,3,DEG0B - Schmalkalden-Meiningen
DEG0C,Gotha,DE,3,DEG0C - Gotha
DEG0D,Sömmerda,DE,3,DEG0D - Sömmerda
DEG0E,Hildburghausen,DE,3,DEG0E - Hildburghausen
DEG0F,Ilm-Kreis,DE,3,DEG0F - Ilm-Kreis
DEG0G,Weimarer Land,DE,3,DEG0G - Weimarer Land
DEG0H,Sonneberg,DE,3,DEG0H - Sonneberg
DEG0I,Saalfeld-Rudolstadt,DE,3,DEG0I - Saalfeld-Rudolstadt
DEG0J,Saale-Holzland-Kreis,DE,3,DEG0J - Saale-Holzland-Kreis
DEG0K,Saale-Orla-Kreis,DE,3,DEG0K - Saale-Orla-Kreis
DEG0L,Greiz,DE,3,DEG0L - Greiz
DEG0M,Altenburger Land,DE,3,DEG0M - Altenburger Land
DEG0N,"Eisenach, Kreisfreie Stadt",DE,3,"DEG0N - Eisenach, Kreisfreie Stadt"
DEG0P,Wartburgkreis,DE,3,DEG0P - Wartburgkreis
DK,DANMARK,DK,0,DK - DANMARK
DK0,DANMARK,DK,1,DK0 - DANMARK
DK01,Hovedstaden,DK,2,DK01 - Hovedstaden
DK011,Byen København,DK,3,DK011 - Byen København
DK012,Københavns omegn,DK,3,DK012 - Københavns omegn
DK013,Nordsjælland,DK,3,DK013 - Nordsjælland
DK014,Bornholm,DK,3,DK014 - Bornholm
DK02,Sjælland,DK,2,DK02 - Sjælland
DK021,Østsjælland,DK,3,DK021 - Østsjælland
DK022,Vest- og Sydsjælland,DK,3,DK022 - Vest- og Sydsjælland
DK03,Syddanmark,DK,2,DK03 - Syddanmark
DK031,Fyn,DK,3,DK031 - Fyn
DK032,Sydjylland,DK,3,DK032 - Sydjylland
DK04,Midtjylland,DK,2,DK04 - Midtjylland
DK041,Vestjylland,DK,3,DK041 - Vestjylland
DK042,Østjylland,DK,3,DK042 - Østjylland
DK05,Nordjylland,DK,2,DK05 - Nordjylland
DK050,Nordjylland,DK,3,DK050 - Nordjylland
EE,EESTI,EE,0,EE - EESTI
EE0,EESTI,EE,1,EE0 - EESTI
EE00,Eesti,EE,2,EE00 - Eesti
EE001,Põhja-Eesti,EE,3,EE001 - Põhja-Eesti
EE004,Lääne-Eesti,EE,3,EE004 - Lääne-Eesti
EE006,Kesk-Eesti,EE,3,EE006 - Kesk-Eesti
EE007,Kirde-Eesti,EE,3,EE007 - Kirde-Eesti
EE008,Lõuna-Eesti,EE,3,EE008 - Lõuna-Eesti
EL,ΕΛΛΑΔΑ,EL,0,EL - ΕΛΛΑΔΑ
EL3,ATTIKΗ,EL,1,EL3 - ATTIKΗ
EL30,Aττική,EL,2,EL30 - Aττική
EL301,Βόρειος Τομέας Αθηνών,EL,3,EL301 - Βόρειος Τομέας Αθηνών
EL302,Δυτικός Τομέας Αθηνών,EL,3,EL302 - Δυτικός Τομέας Αθηνών
EL303,Κεντρικός Τομέας Αθηνών,EL,3,EL303 - Κεντρικός Τομέας Αθηνών
EL304,Νότιος Τομέας Αθηνών,EL,3,EL304 - Νότιος Τομέας Αθηνών
EL305,Ανατολική Αττική,EL,3,EL305 - Ανατολική Αττική
EL306,Δυτική Αττική,EL,3,EL306 - Δυτική Αττική
EL307,"Πειραιάς, Νήσοι",EL,3,"EL307 - Πειραιάς, Νήσοι"
EL4,"NΗΣΙΑ ΑΙΓΑΙΟΥ, KΡΗΤΗ",EL,1,"EL4 - NΗΣΙΑ ΑΙΓΑΙΟΥ, KΡΗΤΗ"
EL41,Βόρειο Αιγαίο,EL,2,EL41 - Βόρειο Αιγαίο
EL411,"Λέσβος, Λήμνος",EL,3,"EL411 - Λέσβος, Λήμνος"
EL412,"Ικαρία, Σάμος",EL,3,"EL412 - Ικαρία, Σάμος"
EL413,Χίος,EL,3,EL413 - Χίος
EL42,Νότιο Αιγαίο,EL,2,EL42 - Νότιο Αιγαίο
EL421,"Κάλυμνος, Κάρπαθος, Κως, Ρόδος",EL,3,"EL421 - Κάλυμνος, Κάρπαθος, Κως, Ρόδος"
EL422,"Άνδρος, Θήρα, Κέα, Μήλος, Μύκονος, Νάξος, Πάρος, Σύρος, Τήνος",EL,3,"EL422 - Άνδρος, Θήρα, Κέα, Μήλος, Μύκονος, Νάξος, Πάρος, Σύρος, Τήνος"
EL43,Κρήτη,EL,2,EL43 - Κρήτη
EL431,Ηράκλειο,EL,3,EL431 - Ηράκλειο
EL432,Λασίθι,EL,3,EL432 - Λασίθι
EL433,Ρεθύμνη,EL,3,EL433 - Ρεθύμνη
EL434,Χανιά,EL,3,EL434 - Χανιά
EL5,ΒΟΡΕΙΑ ΕΛΛΑΔΑ,EL,1,EL5 - ΒΟΡΕΙΑ ΕΛΛΑΔΑ
EL51,"Aνατολική Μακεδονία, Θράκη",EL,2,"EL51 - Aνατολική Μακεδονία, Θράκη"
EL511,Έβρος,EL,3,EL511 - Έβρος
EL512,Ξάνθη,EL,3,EL512 - Ξάνθη
EL513,Ροδόπη,EL,3,EL513 - Ροδόπη
EL514,Δράμα,EL,3,EL514 - Δράμα
EL515,"Θάσος, Καβάλα",EL,3,"EL515 - Θάσος, Καβάλα"
EL52,Κεντρική Μακεδονία,EL,2,EL52 - Κεντρική Μακεδονία
EL521,Ημαθία,EL,3,EL521 - Ημαθία
EL522,Θεσσαλονίκη,EL,3,EL522 - Θεσσαλονίκη
EL523,Κιλκίς,EL,3,EL523 - Κιλκίς
EL524,Πέλλα,EL,3,EL524 - Πέλλα
EL525,Πιερία,EL,3,EL525 - Πιερία
EL526,Σέρρες,EL,3,EL526 - Σέρρες
EL527,Χαλκιδική,EL,3,EL527 - Χαλκιδική
EL53,Δυτική Μακεδονία,EL,2,EL53 - Δυτική Μακεδονία
EL531,"Γρεβενά, Κοζάνη",EL,3,"EL531 - Γρεβενά, Κοζάνη"
EL532,Καστοριά,EL,3,EL532 - Καστοριά
EL533,Φλώρινα,EL,3,EL533 - Φλώρινα
EL54,Ήπειρος,EL,2,EL54 - Ήπειρος
EL541,"Άρτα, Πρέβεζα",EL,3,"EL541 - Άρτα, Πρέβεζα"
EL542,Θεσπρωτία,EL,3,EL542 - Θεσπρωτία
EL543,Ιωάννινα,EL,3,EL543 - Ιωάννινα
EL6,ΚΕΝΤΡΙΚΗ ΕΛΛΑΔΑ,EL,1,EL6 - ΚΕΝΤΡΙΚΗ ΕΛΛΑΔΑ
EL61,Θεσσαλία,EL,2,EL61 - Θεσσαλία
EL611,"Καρδίτσα, Τρίκαλα",EL,3,"EL611 - Καρδίτσα, Τρίκαλα"
EL612,Λάρισα,EL,3,EL612 - Λάρισα
EL613,"Μαγνησία, Σποράδες",EL,3,"EL613 - Μαγνησία, Σποράδες"
EL62,Ιόνια Νησιά,EL,2,EL62 - Ιόνια Νησιά
EL621,Ζάκυνθος,EL,3,EL621 - Ζάκυνθος
EL622,Κέρκυρα,EL,3,EL622 - Κέρκυρα
EL623,"Ιθάκη, Κεφαλληνία",EL,3,"EL623 - Ιθάκη, Κεφαλληνία"
EL624,Λευκάδα,EL,3,EL624 - Λευκάδα
EL63,Δυτική Ελλάδα,EL,2,EL63 - Δυτική Ελλάδα
EL631,Αιτωλοακαρνανία,EL,3,EL631 - Αιτωλοακαρνανία
EL632,Αχαΐα,EL,3,EL632 - Αχαΐα
EL633,Ηλεία,EL,3,EL633 - Ηλεία
EL64,Στερεά Ελλάδα,EL,2,EL64 - Στερεά Ελλάδα
EL641,Βοιωτία,EL,3,EL641 - Βοιωτία
EL642,Εύβοια,EL,3,EL642 - Εύβοια
EL643,Ευρυτανία,EL,3,EL643 - Ευρυτανία
EL644,Φθιώτιδα,EL,3,EL644 - Φθιώτιδα
EL645,Φωκίδα,EL,3,EL645 - Φωκίδα
EL65,Πελοπόννησος,EL,2,EL65 - Πελοπόννησος
EL651,"Αργολίδα, Αρκαδία",EL,3,"EL651 - Αργολίδα, Αρκαδία"
EL652,Κορινθία,EL,3,EL652 - Κορινθία
EL653,"Λακωνία, Μεσσηνία",EL,3,"EL653 - Λακωνία, Μεσσηνία"
ES,ESPAÑA,ES,0,ES - ESPAÑA
ES1,NOROESTE,ES,1,ES1 - NOROESTE
ES11,Galicia,ES,2,ES11 - Galicia
ES111,A Coruña,ES,3,ES111 - A Coruña
ES112,Lugo,ES,3,ES112 - Lugo
ES113,Ourense,ES,3,ES113 - Ourense
ES114,Pontevedra,ES,3,ES114 - Pontevedra
ES12,Principado de Asturias,ES,2,ES12 - Principado de Asturias
ES120,Asturias,ES,3,ES120 - Asturias
ES13,Cantabria,ES,2,ES13 - Cantabria
ES130,Cantabria,ES,3,ES130 - Cantabria
ES2,NORESTE,ES,1,ES2 - NORESTE
ES21,País Vasco,ES,2,ES21 - País Vasco
ES211,Araba/Álava,ES,3,ES211 - Araba/Álava
ES212,Gipuzkoa,ES,3,ES212 - Gipuzkoa
ES213,Bizkaia,ES,3,ES213 - Bizkaia
ES22,Comunidad Foral de Navarra,ES,2,ES22 - Comunidad Foral de Navarra
ES220,Navarra,ES,3,ES220 - Navarra
ES23,La Rioja,ES,2,ES23 - La Rioja
ES230,La Rioja,ES,3,ES230 - La Rioja
ES24,Aragón,ES,2,ES24 - Aragón
ES241,Huesca,ES,3,ES241 - Huesca
ES242,Teruel,ES,3,ES242 - Teruel
ES243,Zaragoza,ES,3,ES243 - Zaragoza
ES3,COMUNIDAD DE MADRID,ES,1,ES3 - COMUNIDAD DE MADRID
ES30,Comunidad de Madrid,ES,2,ES30 - Comunidad de Madrid
ES300,Madrid,ES,3,ES300 - Madrid
ES4,CENTRO (ES),ES,1,ES4 - CENTRO (ES)
ES41,Castilla y León,ES,2,ES41 - Castilla y León
ES411,Ávila,ES,3,ES411 - Ávila
ES412,Burgos,ES,3,ES412 - Burgos
ES413,León,ES,3,ES413 - León
ES414,Palencia,ES,3,ES414 - Palencia
ES415,Salamanca,ES,3,ES415 - Salamanca
ES416,Segovia,ES,3,ES416 - Segovia
ES417,Soria,ES,3,ES417 - Soria
ES418,Valladolid,ES,3,ES418 - Valladolid
ES419,Zamora,ES,3,ES419 - Zamora
ES42,Castilla-La Mancha,ES,2,ES42 - Castilla-La Mancha
ES421,Albacete,ES,3,ES421 - Albacete
ES422,Ciudad Real,ES,3,ES422 - Ciudad Real
ES423,Cuenca,ES,3,ES423 - Cuenca
ES424,Guadalajara,ES,3,ES424 - Guadalajara
ES425,Toledo,ES,3,ES425 - Toledo
ES43,Extremadura,ES,2,ES43 - Extremadura
ES431,Badajoz,ES,3,ES431 - Badajoz
ES432,Cáceres,ES,3,ES432 - Cáceres
ES5,ESTE,ES,1,ES5 - ESTE
ES51,Cataluña,ES,2,ES51 - Cataluña
ES511,Barcelona,ES,3,ES511 - Barcelona
ES512,Girona,ES,3,ES512 - Girona
ES513,Lleida,ES,3,ES513 - Lleida
ES514,Tarragona,ES,3,ES514 - Tarragona
ES52,Comunidad Valenciana,ES,2,ES52 - Comunidad Valenciana
ES521,Alicante / Alacant,ES,3,ES521 - Alicante / Alacant
ES522,Castellón / Castelló,ES,3,ES522 - Castellón / Castelló
ES523,Valencia / València,ES,3,ES523 - Valencia / València
ES53,Illes Balears,ES,2,ES53 - Illes Balears
ES531,Eivissa y Formentera,ES,3,ES531 - Eivissa y Formentera
ES532,Mallorca,ES,3,ES532 - Mallorca
ES533,Menorca,ES,3,ES533 - Menorca
ES6,SUR,ES,1,ES6 - SUR
ES61,Andalucía,ES,2,ES61 - Andalucía
ES611,Almería,ES,3,ES611 - Almería
ES612,Cádiz,ES,3,ES612 - Cádiz
ES613,Córdoba,ES,3,ES613 - Córdoba
ES614,Granada,ES,3,ES614 - Granada
ES615,Huelva,ES,3,ES615 - Huelva
ES616,Jaén,ES,3,ES616 - Jaén
ES617,Málaga,ES,3,ES617 - Málaga
ES618,Sevilla,ES,3,ES618 - Sevilla
ES62,Región de Murcia,ES,2,ES62 - Región de Murcia
ES620,Murcia,ES,3,ES620 - Murcia
ES63,Ciudad Autónoma de Ceuta,ES,2,ES63 - Ciudad Autónoma de Ceuta
ES630,Ceuta,ES,3,ES630 - Ceuta
ES64,Ciudad Autónoma de Melilla,ES,2,ES64 - Ciudad Autónoma de Melilla
ES640,Melilla,ES,3,ES640 - Melilla
ES7,CANARIAS,ES,1,ES7 - CANARIAS
ES70,Canarias,ES,2,ES70 - Canarias
ES703,El Hierro,ES,3,ES703 - El Hierro
ES704,Fuerteventura,ES,3,ES704 - Fuerteventura
ES705,Gran Canaria,ES,3,ES705 - Gran Canaria
ES706,La Gomera,ES,3,ES706 - La Gomera
ES707,La Palma,ES,3,ES707 - La Palma
ES708,Lanzarote,ES,3,ES708 - Lanzarote
ES709,Tenerife,ES,3,ES709 - Tenerife
FI,SUOMI / FINLAND,FI,0,FI - SUOMI / FINLAND
FI1,MANNER-SUOMI,FI,1,FI1 - MANNER-SUOMI
FI19,Länsi-Suomi,FI,2,FI19 - Länsi-Suomi
FI193,Keski-Suomi,FI,3,FI193 - Keski-Suomi
FI194,Etelä-Pohjanmaa,FI,3,FI194 - Etelä-Pohjanmaa
FI195,Pohjanmaa,FI,3,FI195 - Pohjanmaa
FI196,Satakunta,FI,3,FI196 - Satakunta
FI197,Pirkanmaa,FI,3,FI197 - Pirkanmaa
FI1B,Helsinki-Uusimaa,FI,2,FI1B - Helsinki-Uusimaa
FI1B1,Helsinki-Uusimaa,FI,3,FI1B1 - Helsinki-Uusimaa
FI1C,Etelä-Suomi,FI,2,FI1C - Etelä-Suomi
FI1C1,Varsinais-Suomi,FI,3,FI1C1 - Varsinais-Suomi
FI1C2,Kanta-Häme,FI,3,FI1C2 - Kanta-Häme
FI1C3,Päijät-Häme,FI,3,FI1C3 - Päijät-Häme
FI1C4,Kymenlaakso,FI,3,FI1C4 - Kymenlaakso
FI1C5,Etelä-Karjala,FI,3,FI1C5 - Etelä-Karjala
FI1D,Pohjois- ja Itä-Suomi,FI,2,FI1D - Pohjois- ja Itä-Suomi
FI1D1,Etelä-Savo,FI,3,FI1D1 - Etelä-Savo
FI1D2,Pohjois-Savo,FI,3,FI1D2 - Pohjois-Savo
FI1D3,Pohjois-Karjala,FI,3,FI1D3 - Pohjois-Karjala
FI1D5,Keski-Pohjanmaa,FI,3,FI1D5 - Keski-Pohjanmaa
FI1D7,Lappi,FI,3,FI1D7 - Lappi
FI1D8,Kainuu,FI,3,FI1D8 - Kainuu
FI1D9,Pohjois-Pohjanmaa,FI,3,FI1D9 - Pohjois-Pohjanmaa
FI2,ÅLAND,FI,1,FI2 - ÅLAND
FI20,Åland,FI,2,FI20 - Åland
FI200,Åland,FI,3,FI200 - Åland
FR,FRANCE,FR,0,FR - FRANCE
FR1,ILE-DE-FRANCE,FR,1,FR1 - ILE-DE-FRANCE
FR10,Ile-de-France,FR,2,FR10 - Ile-de-France
FR101,Paris,FR,3,FR101 - Paris
FR102,Seine-et-Marne,FR,3,FR102 - Seine-et-Marne
FR103,Yvelines,FR,3,FR103 - Yvelines
FR104,Essonne,FR,3,FR104 - Essonne
FR105,Hauts-de-Seine,FR,3,FR105 - Hauts-de-Seine
FR106,Seine-Saint-Denis,FR,3,FR106 - Seine-Saint-Denis
FR107,Val-de-Marne,FR,3,FR107 - Val-de-Marne
FR108,Val-d'Oise,FR,3,FR108 - Val-d'Oise
FRB,CENTRE - VAL DE LOIRE,FR,1,FRB - CENTRE - VAL DE LOIRE
FRB0,Centre - Val de Loire,FR,2,FRB0 - Centre - Val de Loire
FRB01,Cher,FR,3,FRB01 - Cher
FRB02,Eure-et-Loir,FR,3,FRB02 - Eure-et-Loir
FRB03,Indre,FR,3,FRB03 - Indre
FRB04,Indre-et-Loire,FR,3,FRB04 - Indre-et-Loire
FRB05,Loir-et-Cher,FR,3,FRB05 - Loir-et-Cher
FRB06,Loiret,FR,3,FRB06 - Loiret
FRC,BOURGOGNE-FRANCHE-COMTÉ,FR,1,FRC - BOURGOGNE-FRANCHE-COMTÉ
FRC1,Bourgogne,FR,2,FRC1 - Bourgogne
FRC11,Côte-d’Or,FR,3,FRC11 - Côte-d’Or
FRC12,Nièvre,FR,3,FRC12 - Nièvre
FRC13,Saône-et-Loire,FR,3,FRC13 - Saône-et-Loire
FRC14,Yonne,FR,3,FRC14 - Yonne
FRC2,Franche-Comté,FR,2,FRC2 - Franche-Comté
FRC21,Doubs,FR,3,FRC21 - Doubs
FRC22,Jura,FR,3,FRC22 - Jura
FRC23,Haute-Saône,FR,3,FRC23 - Haute-Saône
FRC24,Territoire de Belfort,FR,3,FRC24 - Territoire de Belfort
FRD,NORMANDIE,FR,1,FRD - NORMANDIE
FRD1,Basse-Normandie,FR,2,FRD1 - Basse-Normandie
FRD11,Calvados,FR,3,FRD11 - Calvados
FRD12,Manche,FR,3,FRD12 - Manche
FRD13,Orne,FR,3,FRD13 - Orne
FRD2,Haute-Normandie,FR,2,FRD2 - Haute-Normandie
FRD21,Eure,FR,3,FRD21 - Eure
FRD22,Seine-Maritime,FR,3,FRD22 - Seine-Maritime
FRE,NORD-PAS DE CALAIS-PICARDIE,FR,1,FRE - NORD-PAS DE CALAIS-PICARDIE
FRE1,Nord-Pas de Calais,FR,2,FRE1 - Nord-Pas de Calais
FRE11,Nord,FR,3,FRE11 - Nord
FRE12,Pas-de-Calais,FR,3,FRE12 - Pas-de-Calais
FRE2,Picardie,FR,2,FRE2 - Picardie
FRE21,Aisne,FR,3,FRE21 - Aisne
FRE22,Oise,FR,3,FRE22 - Oise
FRE23,Somme,FR,3,FRE23 - Somme
FRF,ALSACE-CHAMPAGNE-ARDENNE-LORRAINE,FR,1,FRF - ALSACE-CHAMPAGNE-ARDENNE-LORRAINE
FRF1,Alsace,FR,2,FRF1 - Alsace
FRF11,Bas-Rhin,FR,3,FRF11 - Bas-Rhin
FRF12,Haut-Rhin,FR,3,FRF12 - Haut-Rhin
FRF2,Champagne-Ardenne,FR,2,FRF2 - Champagne-Ardenne
FRF21,Ardennes,FR,3,FRF21 - Ardennes
FRF22,Aube,FR,3,FRF22 - Aube
FRF23,Marne,FR,3,FRF23 - Marne
FRF24,Haute-Marne,FR,3,FRF24 - Haute-Marne
FRF3,Lorraine,FR,2,FRF3 - Lorraine
FRF31,Meurthe-et-Moselle,FR,3,FRF31 - Meurthe-et-Moselle
FRF32,Meuse,FR,3,FRF32 - Meuse
FRF33,Moselle,FR,3,FRF33 - Moselle
FRF34,Vosges,FR,3,FRF34 - Vosges
FRG,PAYS DE LA LOIRE,FR,1,FRG - PAYS DE LA LOIRE
FRG0,Pays de la Loire,FR,2,FRG0 - Pays de la Loire
FRG01,Loire-Atlantique,FR,3,FRG01 - Loire-Atlantique
FRG02,Maine-et-Loire,FR,3,FRG02 - Maine-et-Loire
FRG03,Mayenne,FR,3,FRG03 - Mayenne
FRG04,Sarthe,FR,3,FRG04 - Sarthe
FRG05,Vendée,FR,3,FRG05 - Vendée
FRH,BRETAGNE,FR,1,FRH - BRETAGNE
FRH0,Bretagne,FR,2,FRH0 - Bretagne
FRH01,Côtes-d’Armor,FR,3,FRH01 - Côtes-d’Armor
FRH02,Finistère,FR,3,FRH02 - Finistère
FRH03,Ille-et-Vilaine,FR,3,FRH03 - Ille-et-Vilaine
FRH04,Morbihan,FR,3,FRH04 - Morbihan
FRI,AQUITAINE-LIMOUSIN-POITOU-CHARENTES,FR,1,FRI - AQUITAINE-LIMOUSIN-POITOU-CHARENTES
FRI1,Aquitaine,FR,2,FRI1 - Aquitaine
FRI11,Dordogne,FR,3,FRI11 - Dordogne
FRI12,Gironde,FR,3,FRI12 - Gironde
FRI13,Landes,FR,3,FRI13 - Landes
FRI14,Lot-et-Garonne,FR,3,FRI14 - Lot-et-Garonne
FRI15,Pyrénées-Atlantiques,FR,3,FRI15 - Pyrénées-Atlantiques
FRI2,Limousin,FR,2,FRI2 - Limousin
FRI21,Corrèze,FR,3,FRI21 - Corrèze
FRI22,Creuse,FR,3,FRI22 - Creuse
FRI23,Haute-Vienne,FR,3,FRI23 - Haute-Vienne
FRI3,Poitou-Charentes,FR,2,FRI3 - Poitou-Charentes
FRI31,Charente,FR,3,FRI31 - Charente
FRI32,Charente-Maritime,FR,3,FRI32 - Charente-Maritime
FRI33,Deux-Sèvres,FR,3,FRI33 - Deux-Sèvres
FRI34,Vienne,FR,3,FRI34 - Vienne
FRJ,LANGUEDOC-ROUSSILLON-MIDI-PYRÉNÉES,FR,1,FRJ - LANGUEDOC-ROUSSILLON-MIDI-PYRÉNÉES
FRJ1,Languedoc-Roussillon,FR,2,FRJ1 - Languedoc-Roussillon
FRJ11,Aude,FR,3,FRJ11 - Aude
FRJ12,Gard,FR,3,FRJ12 - Gard
FRJ13,Hérault,FR,3,FRJ13 - Hérault
FRJ14,Lozère,FR,3,FRJ14 - Lozère
FRJ15,Pyrénées-Orientales,FR,3,FRJ15 - Pyrénées-Orientales
FRJ2,Midi-Pyrénées,FR,2,FRJ2 - Midi-Pyrénées
FRJ21,Ariège,FR,3,FRJ21 - Ariège
FRJ22,Aveyron,FR,3,FRJ22 - Aveyron
FRJ23,Haute-Garonne,FR,3,FRJ23 - Haute-Garonne
FRJ24,Gers,FR,3,FRJ24 - Gers
FRJ25,Lot,FR,3,FRJ25 - Lot
FRJ26,Hautes-Pyrénées,FR,3,FRJ26 - Hautes-Pyrénées
FRJ27,Tarn,FR,3,FRJ27 - Tarn
FRJ28,Tarn-et-Garonne,FR,3,FRJ28 - Tarn-et-Garonne
FRK,AUVERGNE-RHÔNE-ALPES,FR,1,FRK - AUVERGNE-RHÔNE-ALPES
FRK1,Auvergne,FR,2,FRK1 - Auvergne
FRK11,Allier,FR,3,FRK11 - Allier
FRK12,Cantal,FR,3,FRK12 - Cantal
FRK13,Haute-Loire,FR,3,FRK13 - Haute-Loire
FRK14,Puy-de-Dôme,FR,3,FRK14 - Puy-de-Dôme
FRK2,Rhône-Alpes,FR,2,FRK2 - Rhône-Alpes
FRK21,Ain,FR,3,FRK21 - Ain
FRK22,Ardèche,FR,3,FRK22 - Ardèche
FRK23,Drôme,FR,3,FRK23 - Drôme
FRK24,Isère,FR,3,FRK24 - Isère
FRK25,Loire,FR,3,FRK25 - Loire
FRK26,Rhône,FR,3,FRK26 - Rhône
FRK27,Savoie,FR,3,FRK27 - Savoie
FRK28,Haute-Savoie,FR,3,FRK28 - Haute-Savoie
FRL,PROVENCE-ALPES-CÔTE D’AZUR,FR,1,FRL - PROVENCE-ALPES-CÔTE D’AZUR
FRL0,Provence-Alpes-Côte d’Azur,FR,2,FRL0 - Provence-Alpes-Côte d’Azur
FRL01,Alpes-de-Haute-Provence,FR,3,FRL01 - Alpes-de-Haute-Provence
FRL02,Hautes-Alpes,FR,3,FRL02 - Hautes-Alpes
FRL03,Alpes-Maritimes,FR,3,FRL03 - Alpes-Maritimes
FRL04,Bouches-du-Rhône,FR,3,FRL04 - Bouches-du-Rhône
FRL05,Var,FR,3,FRL05 - Var
FRL06,Vaucluse,FR,3,FRL06 - Vaucluse
FRM,CORSE,FR,1,FRM - CORSE
FRM0,Corse,FR,2,FRM0 - Corse
FRM01,Corse-du-Sud,FR,3,FRM01 - Corse-du-Sud
FRM02,Haute-Corse,FR,3,FRM02 - Haute-Corse
FRY,RUP FR - RÉGIONS ULTRAPÉRIPHÉRIQUES FRANÇAISES,FR,1,FRY - RUP FR - RÉGIONS ULTRAPÉRIPHÉRIQUES FRANÇAISES
FRY1,Guadeloupe,FR,2,FRY1 - Guadeloupe
FRY10,Guadeloupe,FR,3,FRY10 - Guadeloupe
FRY2,Martinique,FR,2,FRY2 - Martinique
FRY20,Martinique,FR,3,FRY20 - Martinique
FRY3,Guyane,FR,2,FRY3 - Guyane
FRY30,Guyane,FR,3,FRY30 - Guyane
FRY4,La Réunion,FR,2,FRY4 - La Réunion
FRY40,La Réunion,FR,3,FRY40 - La Réunion
FRY5,Mayotte,FR,2,FRY5 - Mayotte
FRY50,Mayotte,FR,3,FRY50 - Mayotte
HR,HRVATSKA,HR,0,HR - HRVATSKA
HR0,HRVATSKA,HR,1,HR0 - HRVATSKA
HR03,Jadranska Hrvatska,HR,2,HR03 - Jadranska Hrvatska
HR031,Primorsko-goranska županija,HR,3,HR031 - Primorsko-goranska županija
HR032,Ličko-senjska županija,HR,3,HR032 - Ličko-senjska županija
HR033,Zadarska županija,HR,3,HR033 - Zadarska županija
HR034,Šibensko-kninska županija,HR,3,HR034 - Šibensko-kninska županija
HR035,Splitsko-dalmatinska županija,HR,3,HR035 - Splitsko-dalmatinska županija
HR036,Istarska županija,HR,3,HR036 - Istarska županija
HR037,Dubrovačko-neretvanska županija,HR,3,HR037 - Dubrovačko-neretvanska županija
HR04,Kontinentalna Hrvatska,HR,2,HR04 - Kontinentalna Hrvatska
HR041,Grad Zagreb,HR,3,HR041 - Grad Zagreb
HR042,Zagrebačka županija,HR,3,HR042 - Zagrebačka županija
HR043,Krapinsko-zagorska županija,HR,3,HR043 - Krapinsko-zagorska županija
HR044,Varaždinska županija,HR,3,HR044 - Varaždinska županija
HR045,Koprivničko-križevačka županija,HR,3,HR045 - Koprivničko-križevačka županija
HR046,Međimurska županija,HR,3,HR046 - Međimurska županija
HR047,Bjelovarsko-bilogorska županija,HR,3,HR047 - Bjelovarsko-bilogorska županija
HR048,Virovitičko-podravska županija,HR,3,HR048 - Virovitičko-podravska županija
HR049,Požeško-slavonska županija,HR,3,HR049 - Požeško-slavonska županija
HR04A,Brodsko-posavska županija,HR,3,HR04A - Brodsko-posavska županija
HR04B,Osječko-baranjska županija,HR,3,HR04B - Osječko-baranjska županija
HR04C,Vukovarsko-srijemska županija,HR,3,HR04C - Vukovarsko-srijemska županija
HR04D,Karlovačka županija,HR,3,HR04D - Karlovačka županija
HR04E,Sisačko-moslavačka županija,HR,3,HR04E - Sisačko-moslavačka županija
HU,MAGYARORSZÁG,HU,0,HU - MAGYARORSZÁG
HU1,KÖZÉP-MAGYARORSZÁG,HU,1,HU1 - KÖZÉP-MAGYARORSZÁG
HU11,Budapest,HU,2,HU11 - Budapest
HU110,Budapest,HU,3,HU110 - Budapest
HU12,Pest,HU,2,HU12 - Pest
HU120,Pest,HU,3,HU120 - Pest
HU2,DUNÁNTÚL,HU,1,HU2 - DUNÁNTÚL
HU21,Közép-Dunántúl,HU,2,HU21 - Közép-Dunántúl
HU211,Fejér,HU,3,HU211 - Fejér
HU212,Komárom-Esztergom,HU,3,HU212 - Komárom-Esztergom
HU213,Veszprém,HU,3,HU213 - Veszprém
HU22,Nyugat-Dunántúl,HU,2,HU22 - Nyugat-Dunántúl
HU221,Győr-Moson-Sopron,HU,3,HU221 - Győr-Moson-Sopron
HU222,Vas,HU,3,HU222 - Vas
HU223,Zala,HU,3,HU223 - Zala
HU23,Dél-Dunántúl,HU,2,HU23 - Dél-Dunántúl
HU231,Baranya,HU,3,HU231 - Baranya
HU232,Somogy,HU,3,HU232 - Somogy
HU233,Tolna,HU,3,HU233 - Tolna
HU3,ALFÖLD ÉS ÉSZAK,HU,1,HU3 - ALFÖLD ÉS ÉSZAK
HU31,Észak-Magyarország,HU,2,HU31 - Észak-Magyarország
HU311,Borsod-Abaúj-Zemplén,HU,3,HU311 - Borsod-Abaúj-Zemplén
HU312,Heves,HU,3,HU312 - Heves
HU313,Nógrád,HU,3,HU313 - Nógrád
HU32,Észak-Alföld,HU,2,HU32 - Észak-Alföld
HU321,Hajdú-Bihar,HU,3,HU321 - Hajdú-Bihar
HU322,Jász-Nagykun-Szolnok,HU,3,HU322 - Jász-Nagykun-Szolnok
HU323,Szabolcs-Szatmár-Bereg,HU,3,HU323 - Szabolcs-Szatmár-Bereg
HU33,Dél-Alföld,HU,2,HU33 - Dél-Alföld
HU331,Bács-Kiskun,HU,3,HU331 - Bács-Kiskun
HU332,Békés,HU,3,HU332 - Békés
HU333,Csongrád,HU,3,HU333 - Csongrád
IE,IRELAND,IE,0,IE - IRELAND
IE0,IRELAND,IE,1,IE0 - IRELAND
IE04,Northern and Western,IE,2,IE04 - Northern and Western
IE041,Border,IE,3,IE041 - Border
IE042,West,IE,3,IE042 - West
IE05,Southern,IE,2,IE05 - Southern
IE051,Mid-West,IE,3,IE051 - Mid-West
IE052,South-East,IE,3,IE052 - South-East
IE053,South-West,IE,3,IE053 - South-West
IE06,Eastern and Midland,IE,2,IE06 - Eastern and Midland
IE061,Dublin,IE,3,IE061 - Dublin
IE062,Mid-East,IE,3,IE062 - Mid-East
IE063,Midland,IE,3,IE063 - Midland
IS,ÍSLAND,IS,0,IS - ÍSLAND
IS0,ÍSLAND,IS,1,IS0 - ÍSLAND
IS00,Ísland,IS,2,IS00 - Ísland
IS001,Höfuðborgarsvæði,IS,3,IS001 - Höfuðborgarsvæði
IS002,Landsbyggð,IS,3,IS002 - Landsbyggð
IT,ITALIA,IT,0,IT - ITALIA
ITC,NORD-OVEST,IT,1,ITC - NORD-OVEST
ITC1,Piemonte,IT,2,ITC1 - Piemonte
ITC11,Torino,IT,3,ITC11 - Torino
ITC12,Vercelli,IT,3,ITC12 - Vercelli
ITC13,Biella,IT,3,ITC13 - Biella
ITC14,Verbano-Cusio-Ossola,IT,3,ITC14 - Verbano-Cusio-Ossola
ITC15,Novara,IT,3,ITC15 - Novara
ITC16,Cuneo,IT,3,ITC16 - Cuneo
ITC17,Asti,IT,3,ITC17 - Asti
ITC18,Alessandria,IT,3,ITC18 - Alessandria
ITC2,Valle d'Aosta/Vallée d'Aoste,IT,2,ITC2 - Valle d'Aosta/Vallée d'Aoste
ITC20,Valle d'Aosta/Vallée d'Aoste,IT,3,ITC20 - Valle d'Aosta/Vallée d'Aoste
ITC3,Liguria,IT,2,ITC3 - Liguria
ITC31,Imperia,IT,3,ITC31 - Imperia
ITC32,Savona,IT,3,ITC32 - Savona
ITC33,Genova,IT,3,ITC33 - Genova
ITC34,La Spezia,IT,3,ITC34 - La Spezia
ITC4,Lombardia,IT,2,ITC4 - Lombardia
ITC41,Varese,IT,3,ITC41 - Varese
ITC42,Como,IT,3,ITC42 - Como
ITC43,Lecco,IT,3,ITC43 - Lecco
ITC44,Sondrio,IT,3,ITC44 - Sondrio
ITC46,Bergamo,IT,3,ITC46 - Bergamo
ITC47,Brescia,IT,3,ITC47 - Brescia
ITC48,Pavia,IT,3,ITC48 - Pavia
ITC49,Lodi,IT,3,ITC49 - Lodi
ITC4A,Cremona,IT,3,ITC4A - Cremona
ITC4B,Mantova,IT,3,ITC4B - Mantova
ITC4C,Milano,IT,3,ITC4C - Milano
ITC4D,Monza e della Brianza,IT,3,ITC4D - Monza e della Brianza
ITF,SUD,IT,1,ITF - SUD
ITF1,Abruzzo,IT,2,ITF1 - Abruzzo
ITF11,L'Aquila,IT,3,ITF11 - L'Aquila
ITF12,Teramo,IT,3,ITF12 - Teramo
ITF13,Pescara,IT,3,ITF13 - Pescara
ITF14,Chieti,IT,3,ITF14 - Chieti
ITF2,Molise,IT,2,ITF2 - Molise
ITF21,Isernia,IT,3,ITF21 - Isernia
ITF22,Campobasso,IT,3,ITF22 - Campobasso
ITF3,Campania,IT,2,ITF3 - Campania
ITF31,Caserta,IT,3,ITF31 - Caserta
ITF32,Benevento,IT,3,ITF32 - Benevento
ITF33,Napoli,IT,3,ITF33 - Napoli
ITF34,Avellino,IT,3,ITF34 - Avellino
ITF35,Salerno,IT,3,ITF35 - Salerno
ITF4,Puglia,IT,2,ITF4 - Puglia
ITF43,Taranto,IT,3,ITF43 - Taranto
ITF44,Brindisi,IT,3,ITF44 - Brindisi
ITF45,Lecce,IT,3,ITF45 - Lecce
ITF46,Foggia,IT,3,ITF46 - Foggia
ITF47,Bari,IT,3,ITF47 - Bari
ITF48,Barletta-Andria-Trani,IT,3,ITF48 - Barletta-Andria-Trani
ITF5,Basilicata,IT,2,ITF5 - Basilicata
ITF51,Potenza,IT,3,ITF51 - Potenza
ITF52,Matera,IT,3,ITF52 - Matera
ITF6,Calabria,IT,2,ITF6 - Calabria
ITF61,Cosenza,IT,3,ITF61 - Cosenza
ITF62,Crotone,IT,3,ITF62 - Crotone
ITF63,Catanzaro,IT,3,ITF63 - Catanzaro
ITF64,Vibo Valentia,IT,3,ITF64 - Vibo Valentia
ITF65,Reggio di Calabria,IT,3,ITF65 - Reggio di Calabria
ITG,ISOLE,IT,1,ITG - ISOLE
ITG1,Sicilia,IT,2,ITG1 - Sicilia
ITG11,Trapani,IT,3,ITG11 - Trapani
ITG12,Palermo,IT,3,ITG12 - Palermo
ITG13,Messina,IT,3,ITG13 - Messina
ITG14,Agrigento,IT,3,ITG14 - Agrigento
ITG15,Caltanissetta,IT,3,ITG15 - Caltanissetta
ITG16,Enna,IT,3,ITG16 - Enna
ITG17,Catania,IT,3,ITG17 - Catania
ITG18,Ragusa,IT,3,ITG18 - Ragusa
ITG19,Siracusa,IT,3,ITG19 - Siracusa
ITG2,Sardegna,IT,2,ITG2 - Sardegna
ITG25,Sassari,IT,3,ITG25 - Sassari
ITG26,Nuoro,IT,3,ITG26 - Nuoro
ITG27,Cagliari,IT,3,ITG27 - Cagliari
ITG28,Oristano,IT,3,ITG28 - Oristano
ITG29,Olbia-Tempio,IT,3,ITG29 - Olbia-Tempio
ITG2A,Ogliastra,IT,3,ITG2A - Ogliastra
ITG2B,Medio Campidano,IT,3,ITG2B - Medio Campidano
ITG2C,Carbonia-Iglesias,IT,3,ITG2C - Carbonia-Iglesias
ITH,NORD-EST,IT,1,ITH - NORD-EST
ITH1,Provincia Autonoma di Bolzano/Bozen,IT,2,ITH1 - Provincia Autonoma di Bolzano/Bozen
ITH10,Bolzano-Bozen,IT,3,ITH10 - Bolzano-Bozen
ITH2,Provincia Autonoma di Trento,IT,2,ITH2 - Provincia Autonoma di Trento
ITH20,Trento,IT,3,ITH20 - Trento
ITH3,Veneto,IT,2,ITH3 - Veneto
ITH31,Verona,IT,3,ITH31 - Verona
ITH32,Vicenza,IT,3,ITH32 - Vicenza
ITH33,Belluno,IT,3,ITH33 - Belluno
ITH34,Treviso,IT,3,ITH34 - Treviso
ITH35,Venezia,IT,3,ITH35 - Venezia
ITH36,Padova,IT,3,ITH36 - Padova
ITH37,Rovigo,IT,3,ITH37 - Rovigo
ITH4,Friuli-Venezia Giulia,IT,2,ITH4 - Friuli-Venezia Giulia
ITH41,Pordenone,IT,3,ITH41 - Pordenone
ITH42,Udine,IT,3,ITH42 - Udine
ITH43,Gorizia,IT,3,ITH43 - Gorizia
ITH44,Trieste,IT,3,ITH44 - Trieste
ITH5,Emilia-Romagna,IT,2,ITH5 - Emilia-Romagna
ITH51,Piacenza,IT,3,ITH51 - Piacenza
ITH52,Parma,IT,3,ITH52 - Parma
ITH53,Reggio nell'Emilia,IT,3,ITH53 - Reggio nell'Emilia
ITH54,Modena,IT,3,ITH54 - Modena
ITH55,Bologna,IT,3,ITH55 - Bologna
ITH56,Ferrara,IT,3,ITH56 - Ferrara
ITH57,Ravenna,IT,3,ITH57 - Ravenna
ITH58,Forlì-Cesena,IT,3,ITH58 - Forlì-Cesena
ITH59,Rimini,IT,3,ITH59 - Rimini
ITI,CENTRO (IT),IT,1,ITI - CENTRO (IT)
ITI1,Toscana,IT,2,ITI1 - Toscana
ITI11,Massa-Carrara,IT,3,ITI11 - Massa-Carrara
ITI12,Lucca,IT,3,ITI12 - Lucca
ITI13,Pistoia,IT,3,ITI13 - Pistoia
ITI14,Firenze,IT,3,ITI14 - Firenze
ITI15,Prato,IT,3,ITI15 - Prato
ITI16,Livorno,IT,3,ITI16 - Livorno
ITI17,Pisa,IT,3,ITI17 - Pisa
ITI18,Arezzo,IT,3,ITI18 - Arezzo
ITI19,Siena,IT,3,ITI19 - Siena
ITI1A,Grosseto,IT,3,ITI1A - Grosseto
ITI2,Umbria,IT,2,ITI2 - Umbria
ITI21,Perugia,IT,3,ITI21 - Perugia
ITI22,Terni,IT,3,ITI22 - Terni
ITI3,Marche,IT,2,ITI3 - Marche
ITI31,Pesaro e Urbino,IT,3,ITI31 - Pesaro e Urbino
ITI32,Ancona,IT,3,ITI32 - Ancona
ITI33,Macerata,IT,3,ITI33 - Macerata
ITI34,Ascoli Piceno,IT,3,ITI34 - Ascoli Piceno
ITI35,Fermo,IT,3,ITI35 - Fermo
ITI4,Lazio,IT,2,ITI4 - Lazio
ITI41,Viterbo,IT,3,ITI41 - Viterbo
ITI42,Rieti,IT,3,ITI42 - Rieti
ITI43,Roma,IT,3,ITI43 - Roma
ITI44,Latina,IT,3,ITI44 - Latina
ITI45,Frosinone,IT,3,ITI45 - Frosinone
LI,LIECHTENSTEIN,LI,0,LI - LIECHTENSTEIN
LI0,LIECHTENSTEIN,LI,1,LI0 - LIECHTENSTEIN
LI00,Liechtenstein,LI,2,LI00 - Liechtenstein
LI000,Liechtenstein,LI,3,LI000 - Liechtenstein
LT,LIETUVA,LT,0,LT - LIETUVA
LT0,LIETUVA,LT,1,LT0 - LIETUVA
LT01,Sostinės regionas,LT,2,LT01 - Sostinės regionas
LT011,Vilniaus apskritis,LT,3,LT011 - Vilniaus apskritis
LT02,Vidurio ir vakarų Lietuvos regionas,LT,2,LT02 - Vidurio ir vakarų Lietuvos regionas
LT021,Alytaus apskritis,LT,3,LT021 - Alytaus apskritis
LT022,Kauno apskritis,LT,3,LT022 - Kauno apskritis
LT023,Klaipėdos apskritis,LT,3,LT023 - Klaipėdos apskritis
LT024,Marijampolės apskritis,LT,3,LT024 - Marijampolės apskritis
LT025,Panevėžio apskritis,LT,3,LT025 - Panevėžio apskritis
LT026,Šiaulių apskritis,LT,3,LT026 - Šiaulių apskritis
LT027,Tauragės apskritis,LT,3,LT027 - Tauragės apskritis
LT028,Telšių apskritis,LT,3,LT028 - Telšių apskritis
LT029,Utenos apskritis,LT,3,LT029 - Utenos apskritis
LU,LUXEMBOURG,LU,0,LU - LUXEMBOURG
LU0,LUXEMBOURG,LU,1,LU0 - LUXEMBOURG
LU00,Luxembourg,LU,2,LU00 - Luxembourg
LU000,Luxembourg,LU,3,LU000 - Luxembourg
LV,LATVIJA,LV,0,LV - LATVIJA
LV0,LATVIJA,LV,1,LV0 - LATVIJA
LV00,Latvija,LV,2,LV00 - Latvija
LV003,Kurzeme,LV,3,LV003 - Kurzeme
LV005,Latgale,LV,3,LV005 - Latgale
LV006,Rīga,LV,3,LV006 - Rīga
LV007,Pierīga,LV,3,LV007 - Pierīga
LV008,Vidzeme,LV,3,LV008 - Vidzeme
LV009,Zemgale,LV,3,LV009 - Zemgale
ME,ЦРНА ГОРА,ME,0,ME - ЦРНА ГОРА
ME0,ЦРНА ГОРА,ME,1,ME0 - ЦРНА ГОРА
ME00,Црна Гора,ME,2,ME00 - Црна Гора
ME000,Црна Гора,ME,3,ME000 - Црна Гора
MK,North Macedonia,MK,0,MK - North Macedonia
MK0,Severna Makedonija,MK,1,MK0 - Severna Makedonija
MK00,Severna Makedonija,MK,2,MK00 - Severna Makedonija
MK001,Вардарски,MK,3,MK001 - Вардарски
MK002,Источен,MK,3,MK002 - Источен
MK003,Југозападен,MK,3,MK003 - Југозападен
MK004,Југоисточен,MK,3,MK004 - Југоисточен
MK005,Пелагониски,MK,3,MK005 - Пелагониски
MK006,Полошки,MK,3,MK006 - Полошки
MK007,Североисточен,MK,3,MK007 - Североисточен
MK008,Скопски,MK,3,MK008 - Скопски
MT,MALTA,MT,0,MT - MALTA
MT0,MALTA,MT,1,MT0 - MALTA
MT00,Malta,MT,2,MT00 - Malta
MT001,Malta,MT,3,MT001 - Malta
MT002,Gozo and Comino/Għawdex u Kemmuna,MT,3,MT002 - Gozo and Comino/Għawdex u Kemmuna
NL,NEDERLAND,NL,0,NL - NEDERLAND
NL1,NOORD-NEDERLAND,NL,1,NL1 - NOORD-NEDERLAND
NL11,Groningen,NL,2,NL11 - Groningen
NL111,Oost-Groningen,NL,3,NL111 - Oost-Groningen
NL112,Delfzijl en omgeving,NL,3,NL112 - Delfzijl en omgeving
NL113,Overig Groningen,NL,3,NL113 - Overig Groningen
NL12,Friesland (NL),NL,2,NL12 - Friesland (NL)
NL124,Noord-Friesland,NL,3,NL124 - Noord-Friesland
NL125,Zuidwest-Friesland,NL,3,NL125 - Zuidwest-Friesland
NL126,Zuidoost-Friesland,NL,3,NL126 - Zuidoost-Friesland
NL13,Drenthe,NL,2,NL13 - Drenthe
NL131,Noord-Drenthe,NL,3,NL131 - Noord-Drenthe
NL132,Zuidoost-Drenthe,NL,3,NL132 - Zuidoost-Drenthe
NL133,Zuidwest-Drenthe,NL,3,NL133 - Zuidwest-Drenthe
NL2,OOST-NEDERLAND,NL,1,NL2 - OOST-NEDERLAND
NL21,Overijssel,NL,2,NL21 - Overijssel
NL211,Noord-Overijssel,NL,3,NL211 - Noord-Overijssel
NL212,Zuidwest-Overijssel,NL,3,NL212 - Zuidwest-Overijssel
NL213,Twente,NL,3,NL213 - Twente
NL22,Gelderland,NL,2,NL22 - Gelderland
NL221,Veluwe,NL,3,NL221 - Veluwe
NL224,Zuidwest-Gelderland,NL,3,NL224 - Zuidwest-Gelderland
NL225,Achterhoek,NL,3,NL225 - Achterhoek
NL226,Arnhem/Nijmegen,NL,3,NL226 - Arnhem/Nijmegen
NL23,Flevoland,NL,2,NL23 - Flevoland
NL230,Flevoland,NL,3,NL230 - Flevoland
NL3,WEST-NEDERLAND,NL,1,NL3 - WEST-NEDERLAND
NL31,Utrecht,NL,2,NL31 - Utrecht
NL310,Utrecht,NL,3,NL310 - Utrecht
NL32,Noord-Holland,NL,2,NL32 - Noord-Holland
NL321,Kop van Noord-Holland,NL,3,NL321 - Kop van Noord-Holland
NL323,IJmond,NL,3,NL323 - IJmond
NL324,Agglomeratie Haarlem,NL,3,NL324 - Agglomeratie Haarlem
NL325,Zaanstreek,NL,3,NL325 - Zaanstreek
NL327,Het Gooi en Vechtstreek,NL,3,NL327 - Het Gooi en Vechtstreek
NL328,Alkmaar en omgeving,NL,3,NL328 - Alkmaar en omgeving
NL329,Groot-Amsterdam,NL,3,NL329 - Groot-Amsterdam
NL33,Zuid-Holland,NL,2,NL33 - Zuid-Holland
NL332,Agglomeratie's-Gravenhage,NL,3,NL332 - Agglomeratie's-Gravenhage
NL333,Delft en Westland,NL,3,NL333 - Delft en Westland
NL337,Agglomeratie Leiden en Bollenstreek,NL,3,NL337 - Agglomeratie Leiden en Bollenstreek
NL33A,Zuidoost-Zuid-Holland,NL,3,NL33A - Zuidoost-Zuid-Holland
NL33B,Oost-Zuid-Holland,NL,3,NL33B - Oost-Zuid-Holland
NL33C,Groot-Rijnmond,NL,3,NL33C - Groot-Rijnmond
NL34,Zeeland,NL,2,NL34 - Zeeland
NL341,Zeeuwsch-Vlaanderen,NL,3,NL341 - Zeeuwsch-Vlaanderen
NL342,Overig Zeeland,NL,3,NL342 - Overig Zeeland
NL4,ZUID-NEDERLAND,NL,1,NL4 - ZUID-NEDERLAND
NL41,Noord-Brabant,NL,2,NL41 - Noord-Brabant
NL411,West-Noord-Brabant,NL,3,NL411 - West-Noord-Brabant
NL412,Midden-Noord-Brabant,NL,3,NL412 - Midden-Noord-Brabant
NL413,Noordoost-Noord-Brabant,NL,3,NL413 - Noordoost-Noord-Brabant
NL414,Zuidoost-Noord-Brabant,NL,3,NL414 - Zuidoost-Noord-Brabant
NL42,Limburg (NL),NL,2,NL42 - Limburg (NL)
NL421,Noord-Limburg,NL,3,NL421 - Noord-Limburg
NL422,Midden-Limburg,NL,3,NL422 - Midden-Limburg
NL423,Zuid-Limburg,NL,3,NL423 - Zuid-Limburg
NO,NORGE,NO,0,NO - NORGE
NO0,NORGE,NO,1,NO0 - NORGE
NO01,Oslo og Akershus,NO,2,NO01 - Oslo og Akershus
NO011,Oslo,NO,3,NO011 - Oslo
NO012,Akershus,NO,3,NO012 - Akershus
NO02,Hedmark og Oppland,NO,2,NO02 - Hedmark og Oppland
NO021,Hedmark,NO,3,NO021 - Hedmark
NO022,Oppland,NO,3,NO022 - Oppland
NO03,Sør-Østlandet,NO,2,NO03 - Sør-Østlandet
NO031,Østfold,NO,3,NO031 - Østfold
NO032,Buskerud,NO,3,NO032 - Buskerud
NO033,Vestfold,NO,3,NO033 - Vestfold
NO034,Telemark,NO,3,NO034 - Telemark
NO04,Agder og Rogaland,NO,2,NO04 - Agder og Rogaland
NO041,Aust-Agder,NO,3,NO041 - Aust-Agder
NO042,Vest-Agder,NO,3,NO042 - Vest-Agder
NO043,Rogaland,NO,3,NO043 - Rogaland
NO05,Vestlandet,NO,2,NO05 - Vestlandet
NO051,Hordaland,NO,3,NO051 - Hordaland
NO052,Sogn og Fjordane,NO,3,NO052 - Sogn og Fjordane
NO053,Møre og Romsdal,NO,3,NO053 - Møre og Romsdal
NO06,Trøndelag,NO,2,NO06 - Trøndelag
NO060,Trøndelag,NO,3,NO060 - Trøndelag
NO07,Nord-Norge,NO,2,NO07 - Nord-Norge
NO071,Nordland,NO,3,NO071 - Nordland
NO072,Troms,NO,3,NO072 - Troms
NO073,Finnmark,NO,3,NO073 - Finnmark
PL,POLSKA,PL,0,PL - POLSKA
PL2,MAKROREGION POŁUDNIOWY,PL,1,PL2 - MAKROREGION POŁUDNIOWY
PL21,Małopolskie,PL,2,PL21 - Małopolskie
PL213,Miasto Kraków,PL,3,PL213 - Miasto Kraków
PL214,Krakowski,PL,3,PL214 - Krakowski
PL217,Tarnowski,PL,3,PL217 - Tarnowski
PL218,Nowosądecki,PL,3,PL218 - Nowosądecki
PL219,Nowotarski,PL,3,PL219 - Nowotarski
PL21A,Oświęcimski,PL,3,PL21A - Oświęcimski
PL22,Śląskie,PL,2,PL22 - Śląskie
PL224,Częstochowski,PL,3,PL224 - Częstochowski
PL225,Bielski,PL,3,PL225 - Bielski
PL227,Rybnicki,PL,3,PL227 - Rybnicki
PL228,Bytomski,PL,3,PL228 - Bytomski
PL229,Gliwicki,PL,3,PL229 - Gliwicki
PL22A,Katowicki,PL,3,PL22A - Katowicki
PL22B,Sosnowiecki,PL,3,PL22B - Sosnowiecki
PL22C,Tyski,PL,3,PL22C - Tyski
PL4,MAKROREGION PÓŁNOCNO-ZACHODNI,PL,1,PL4 - MAKROREGION PÓŁNOCNO-ZACHODNI
PL41,Wielkopolskie,PL,2,PL41 - Wielkopolskie
PL411,Pilski,PL,3,PL411 - Pilski
PL414,Koniński,PL,3,PL414 - Koniński
PL415,Miasto Poznań,PL,3,PL415 - Miasto Poznań
PL416,Kaliski,PL,3,PL416 - Kaliski
PL417,Leszczyński,PL,3,PL417 - Leszczyński
PL418,Poznański,PL,3,PL418 - Poznański
PL42,Zachodniopomorskie,PL,2,PL42 - Zachodniopomorskie
PL424,Miasto Szczecin,PL,3,PL424 - Miasto Szczecin
PL426,Koszaliński,PL,3,PL426 - Koszaliński
PL427,Szczecinecko-pyrzycki,PL,3,PL427 - Szczecinecko-pyrzycki
PL428,Szczeciński,PL,3,PL428 - Szczeciński
PL43,Lubuskie,PL,2,PL43 - Lubuskie
PL431,Gorzowski,PL,3,PL431 - Gorzowski
PL432,Zielonogórski,PL,3,PL432 - Zielonogórski
PL5,MAKROREGION POŁUDNIOWO-ZACHODNI,PL,1,PL5 - MAKROREGION POŁUDNIOWO-ZACHODNI
PL51,Dolnośląskie,PL,2,PL51 - Dolnośląskie
PL514,Miasto Wrocław,PL,3,PL514 - Miasto Wrocław
PL515,Jeleniogórski,PL,3,PL515 - Jeleniogórski
PL516,Legnicko-głogowski,PL,3,PL516 - Legnicko-głogowski
PL517,Wałbrzyski,PL,3,PL517 - Wałbrzyski
PL518,Wrocławski,PL,3,PL518 - Wrocławski
PL52,Opolskie,PL,2,PL52 - Opolskie
PL523,Nyski,PL,3,PL523 - Nyski
PL524,Opolski,PL,3,PL524 - Opolski
PL6,MAKROREGION PÓŁNOCNY,PL,1,PL6 - MAKROREGION PÓŁNOCNY
PL61,Kujawsko-pomorskie,PL,2,PL61 - Kujawsko-pomorskie
PL613,Bydgosko-toruński,PL,3,PL613 - Bydgosko-toruński
PL616,Grudziądzki,PL,3,PL616 - Grudziądzki
PL617,Inowrocławski,PL,3,PL617 - Inowrocławski
PL618,Świecki,PL,3,PL618 - Świecki
PL619,Włocławski,PL,3,PL619 - Włocławski
PL62,Warmińsko-mazurskie,PL,2,PL62 - Warmińsko-mazurskie
PL621,Elbląski,PL,3,PL621 - Elbląski
PL622,Olsztyński,PL,3,PL622 - Olsztyński
PL623,Ełcki,PL,3,PL623 - Ełcki
PL63,Pomorskie,PL,2,PL63 - Pomorskie
PL633,Trójmiejski,PL,3,PL633 - Trójmiejski
PL634,Gdański,PL,3,PL634 - Gdański
PL636,Słupski,PL,3,PL636 - Słupski
PL637,Chojnicki,PL,3,PL637 - Chojnicki
PL638,Starogardzki,PL,3,PL638 - Starogardzki
PL7,MAKROREGION CENTRALNY,PL,1,PL7 - MAKROREGION CENTRALNY
PL71,Łódzkie,PL,2,PL71 - Łódzkie
PL711,Miasto Łódź,PL,3,PL711 - Miasto Łódź
PL712,Łódzki,PL,3,PL712 - Łódzki
PL713,Piotrkowski,PL,3,PL713 - Piotrkowski
PL714,Sieradzki,PL,3,PL714 - Sieradzki
PL715,Skierniewicki,PL,3,PL715 - Skierniewicki
PL72,Świętokrzyskie,PL,2,PL72 - Świętokrzyskie
PL721,Kielecki,PL,3,PL721 - Kielecki
PL722,Sandomiersko-jędrzejowski,PL,3,PL722 - Sandomiersko-jędrzejowski
PL8,MAKROREGION WSCHODNI,PL,1,PL8 - MAKROREGION WSCHODNI
PL81,Lubelskie,PL,2,PL81 - Lubelskie
PL811,Bialski,PL,3,PL811 - Bialski
PL812,Chełmsko-zamojski,PL,3,PL812 - Chełmsko-zamojski
PL814,Lubelski,PL,3,PL814 - Lubelski
PL815,Puławski,PL,3,PL815 - Puławski
PL82,Podkarpackie,PL,2,PL82 - Podkarpackie
PL821,Krośnieński,PL,3,PL821 - Krośnieński
PL822,Przemyski,PL,3,PL822 - Przemyski
PL823,Rzeszowski,PL,3,PL823 - Rzeszowski
PL824,Tarnobrzeski,PL,3,PL824 - Tarnobrzeski
PL84,Podlaskie,PL,2,PL84 - Podlaskie
PL841,Białostocki,PL,3,PL841 - Białostocki
PL842,Łomżyński,PL,3,PL842 - Łomżyński
PL843,Suwalski,PL,3,PL843 - Suwalski
PL9,MAKROREGION WOJEWÓDZTWO MAZOWIECKIE,PL,1,PL9 - MAKROREGION WOJEWÓDZTWO MAZOWIECKIE
PL91,Warszawski stołeczny,PL,2,PL91 - Warszawski stołeczny
PL911,Miasto Warszawa,PL,3,PL911 - Miasto Warszawa
PL912,Warszawski wschodni,PL,3,PL912 - Warszawski wschodni
PL913,Warszawski zachodni,PL,3,PL913 - Warszawski zachodni
PL92,Mazowiecki regionalny,PL,2,PL92 - Mazowiecki regionalny
PL921,Radomski,PL,3,PL921 - Radomski
PL922,Ciechanowski,PL,3,PL922 - Ciechanowski
PL923,Płocki,PL,3,PL923 - Płocki
PL924,Ostrołęcki,PL,3,PL924 - Ostrołęcki
PL925,Siedlecki,PL,3,PL925 - Siedlecki
PL926,Żyrardowski,PL,3,PL926 - Żyrardowski
PT,PORTUGAL,PT,0,PT - PORTUGAL
PT1,CONTINENTE,PT,1,PT1 - CONTINENTE
PT11,Norte,PT,2,PT11 - Norte
PT111,Alto Minho,PT,3,PT111 - Alto Minho
PT112,Cávado,PT,3,PT112 - Cávado
PT119,Ave,PT,3,PT119 - Ave
PT11A,Área Metropolitana do Porto,PT,3,PT11A - Área Metropolitana do Porto
PT11B,Alto Tâmega,PT,3,PT11B - Alto Tâmega
PT11C,Tâmega e Sousa,PT,3,PT11C - Tâmega e Sousa
PT11D,Douro,PT,3,PT11D - Douro
PT11E,Terras de Trás-os-Montes,PT,3,PT11E - Terras de Trás-os-Montes
PT15,Algarve,PT,2,PT15 - Algarve
PT150,Algarve,PT,3,PT150 - Algarve
PT16,Centro (PT),PT,2,PT16 - Centro (PT)
PT16B,Oeste,PT,3,PT16B - Oeste
PT16D,Região de Aveiro,PT,3,PT16D - Região de Aveiro
PT16E,Região de Coimbra,PT,3,PT16E - Região de Coimbra
PT16F,Região de Leiria,PT,3,PT16F - Região de Leiria
PT16G,Viseu Dão Lafões,PT,3,PT16G - Viseu Dão Lafões
PT16H,Beira Baixa,PT,3,PT16H - Beira Baixa
PT16I,Médio Tejo,PT,3,PT16I - Médio Tejo
PT16J,Beiras e Serra da Estrela,PT,3,PT16J - Beiras e Serra da Estrela
PT17,Área Metropolitana de Lisboa,PT,2,PT17 - Área Metropolitana de Lisboa
PT170,Área Metropolitana de Lisboa,PT,3,PT170 - Área Metropolitana de Lisboa
PT18,Alentejo,PT,2,PT18 - Alentejo
PT181,Alentejo Litoral,PT,3,PT181 - Alentejo Litoral
PT184,Baixo Alentejo,PT,3,PT184 - Baixo Alentejo
PT185,Lezíria do Tejo,PT,3,PT185 - Lezíria do Tejo
PT186,Alto Alentejo,PT,3,PT186 - Alto Alentejo
PT187,Alentejo Central,PT,3,PT187 - Alentejo Central
PT2,REGIÃO AUTÓNOMA DOS AÇORES,PT,1,PT2 - REGIÃO AUTÓNOMA DOS AÇORES
PT20,Região Autónoma dos Açores,PT,2,PT20 - Região Autónoma dos Açores
PT200,Região Autónoma dos Açores,PT,3,PT200 - Região Autónoma dos Açores
PT3,REGIÃO AUTÓNOMA DA MADEIRA,PT,1,PT3 - REGIÃO AUTÓNOMA DA MADEIRA
PT30,Região Autónoma da Madeira,PT,2,PT30 - Região Autónoma da Madeira
PT300,Região Autónoma da Madeira,PT,3,PT300 - Região Autónoma da Madeira
RO,ROMÂNIA,RO,0,RO - ROMÂNIA
RO1,MACROREGIUNEA UNU,RO,1,RO1 - MACROREGIUNEA UNU
RO11,Nord-Vest,RO,2,RO11 - Nord-Vest
RO111,Bihor,RO,3,RO111 - Bihor
RO112,Bistriţa-Năsăud,RO,3,RO112 - Bistriţa-Năsăud
RO113,Cluj,RO,3,RO113 - Cluj
RO114,Maramureş,RO,3,RO114 - Maramureş
RO115,Satu Mare,RO,3,RO115 - Satu Mare
RO116,Sălaj,RO,3,RO116 - Sălaj
RO12,Centru,RO,2,RO12 - Centru
RO121,Alba,RO,3,RO121 - Alba
RO122,Braşov,RO,3,RO122 - Braşov
RO123,Covasna,RO,3,RO123 - Covasna
RO124,Harghita,RO,3,RO124 - Harghita
RO125,Mureş,RO,3,RO125 - Mureş
RO126,Sibiu,RO,3,RO126 - Sibiu
RO2,MACROREGIUNEA DOI,RO,1,RO2 - MACROREGIUNEA DOI
RO21,Nord-Est,RO,2,RO21 - Nord-Est
RO211,Bacău,RO,3,RO211 - Bacău
RO212,Botoşani,RO,3,RO212 - Botoşani
RO213,Iaşi,RO,3,RO213 - Iaşi
RO214,Neamţ,RO,3,RO214 - Neamţ
RO215,Suceava,RO,3,RO215 - Suceava
RO216,Vaslui,RO,3,RO216 - Vaslui
RO22,Sud-Est,RO,2,RO22 - Sud-Est
RO221,Brăila,RO,3,RO221 - Brăila
RO222,Buzău,RO,3,RO222 - Buzău
RO223,Constanţa,RO,3,RO223 - Constanţa
RO224,Galaţi,RO,3,RO224 - Galaţi
RO225,Tulcea,RO,3,RO225 - Tulcea
RO226,Vrancea,RO,3,RO226 - Vrancea
RO3,MACROREGIUNEA TREI,RO,1,RO3 - MACROREGIUNEA TREI
RO31,Sud - Muntenia,RO,2,RO31 - Sud - Muntenia
RO311,Argeş,RO,3,RO311 - Argeş
RO312,Călăraşi,RO,3,RO312 - Călăraşi
RO313,Dâmboviţa,RO,3,RO313 - Dâmboviţa
RO314,Giurgiu,RO,3,RO314 - Giurgiu
RO315,Ialomiţa,RO,3,RO315 - Ialomiţa
RO316,Prahova,RO,3,RO316 - Prahova
RO317,Teleorman,RO,3,RO317 - Teleorman
RO32,Bucureşti - Ilfov,RO,2,RO32 - Bucureşti - Ilfov
RO321,Bucureşti,RO,3,RO321 - Bucureşti
RO322,Ilfov,RO,3,RO322 - Ilfov
RO4,MACROREGIUNEA PATRU,RO,1,RO4 - MACROREGIUNEA PATRU
RO41,Sud-Vest Oltenia,RO,2,RO41 - Sud-Vest Oltenia
RO411,Dolj,RO,3,RO411 - Dolj
RO412,Gorj,RO,3,RO412 - Gorj
RO413,Mehedinţi,RO,3,RO413 - Mehedinţi
RO414,Olt,RO,3,RO414 - Olt
RO415,Vâlcea,RO,3,RO415 - Vâlcea
RO42,Vest,RO,2,RO42 - Vest
RO421,Arad,RO,3,RO421 - Arad
RO422,Caraş-Severin,RO,3,RO422 - Caraş-Severin
RO423,Hunedoara,RO,3,RO423 - Hunedoara
RO424,Timiş,RO,3,RO424 - Timiş
RS,REPUBLIKA SRBIJA /РЕПУБЛИКА СРБИЈА,RS,0,RS - REPUBLIKA SRBIJA /РЕПУБЛИКА СРБИЈА
RS1,Србија - север,RS,1,RS1 - Србија - север
RS11,Београдски регион,RS,2,RS11 - Београдски регион
RS110,Београдска област,RS,3,RS110 - Београдска област
RS12,Регион Војводине,RS,2,RS12 - Регион Војводине
RS121,Западнобачка област,RS,3,RS121 - Западнобачка област
RS122,Јужнобанатска област,RS,3,RS122 - Јужнобанатска област
RS123,Јужнобачка област,RS,3,RS123 - Јужнобачка област
RS124,Севернобанатска област,RS,3,RS124 - Севернобанатска област
RS125,Севернобачка област,RS,3,RS125 - Севернобачка област
RS126,Средњобанатска област,RS,3,RS126 - Средњобанатска област
RS127,Сремска област,RS,3,RS127 - Сремска област
RS2,Србија - југ,RS,1,RS2 - Србија - југ
RS21,Регион Шумадије и Западне Србије,RS,2,RS21 - Регион Шумадије и Западне Србије
RS211,Златиборска област,RS,3,RS211 - Златиборска област
RS212,Колубарска област,RS,3,RS212 - Колубарска област
RS213,Мачванска област,RS,3,RS213 - Мачванска област
RS214,Моравичка област,RS,3,RS214 - Моравичка област
RS215,Поморавска област,RS,3,RS215 - Поморавска област
RS216,Расинска област,RS,3,RS216 - Расинска област
RS217,Рашка област,RS,3,RS217 - Рашка област
RS218,Шумадијска област,RS,3,RS218 - Шумадијска област
RS22,Регион Јужне и Источне Србије,RS,2,RS22 - Регион Јужне и Источне Србије
RS221,Борска област,RS,3,RS221 - Борска област
RS222,Браничевска област,RS,3,RS222 - Браничевска област
RS223,Зајечарска област,RS,3,RS223 - Зајечарска област
RS224,Јабланичка област,RS,3,RS224 - Јабланичка област
RS225,Нишавска област,RS,3,RS225 - Нишавска област
RS226,Пиротска област,RS,3,RS226 - Пиротска област
RS227,Подунавска област,RS,3,RS227 - Подунавска област
RS228,Пчињска област,RS,3,RS228 - Пчињска област
RS229,Топличка област,RS,3,RS229 - Топличка област
SE,SVERIGE,SE,0,SE - SVERIGE
SE1,ÖSTRA SVERIGE,SE,1,SE1 - ÖSTRA SVERIGE
SE11,Stockholm,SE,2,SE11 - Stockholm
SE110,Stockholms län,SE,3,SE110 - Stockholms län
SE12,Östra Mellansverige,SE,2,SE12 - Östra Mellansverige
SE121,Uppsala län,SE,3,SE121 - Uppsala län
SE122,Södermanlands län,SE,3,SE122 - Södermanlands län
SE123,Östergötlands län,SE,3,SE123 - Östergötlands län
SE124,Örebro län,SE,3,SE124 - Örebro län
SE125,Västmanlands län,SE,3,SE125 - Västmanlands län
SE2,SÖDRA SVERIGE,SE,1,SE2 - SÖDRA SVERIGE
SE21,Småland med öarna,SE,2,SE21 - Småland med öarna
SE211,Jönköpings län,SE,3,SE211 - Jönköpings län
SE212,Kronobergs län,SE,3,SE212 - Kronobergs län
SE213,Kalmar län,SE,3,SE213 - Kalmar län
SE214,Gotlands län,SE,3,SE214 - Gotlands län
SE22,Sydsverige,SE,2,SE22 - Sydsverige
SE221,Blekinge län,SE,3,SE221 - Blekinge län
SE224,Skåne län,SE,3,SE224 - Skåne län
SE23,Västsverige,SE,2,SE23 - Västsverige
SE231,Hallands län,SE,3,SE231 - Hallands län
SE232,Västra Götalands län,SE,3,SE232 - Västra Götalands län
SE3,NORRA SVERIGE,SE,1,SE3 - NORRA SVERIGE
SE31,Norra Mellansverige,SE,2,SE31 - Norra Mellansverige
SE311,Värmlands län,SE,3,SE311 - Värmlands län
SE312,Dalarnas län,SE,3,SE312 - Dalarnas län
SE313,Gävleborgs län,SE,3,SE313 - Gävleborgs län
SE32,Mellersta Norrland,SE,2,SE32 - Mellersta Norrland
SE321,Västernorrlands län,SE,3,SE321 - Västernorrlands län
SE322,Jämtlands län,SE,3,SE322 - Jämtlands län
SE33,Övre Norrland,SE,2,SE33 - Övre Norrland
SE331,Västerbottens län,SE,3,SE331 - Västerbottens län
SE332,Norrbottens län,SE,3,SE332 - Norrbottens län
SI,SLOVENIJA,SI,0,SI - SLOVENIJA
SI0,SLOVENIJA,SI,1,SI0 - SLOVENIJA
SI03,Vzhodna Slovenija,SI,2,SI03 - Vzhodna Slovenija
SI031,Pomurska,SI,3,SI031 - Pomurska
SI032,Podravska,SI,3,SI032 - Podravska
SI033,Koroška,SI,3,SI033 - Koroška
SI034,Savinjska,SI,3,SI034 - Savinjska
SI035,Zasavska,SI,3,SI035 - Zasavska
SI036,Posavska,SI,3,SI036 - Posavska
SI037,Jugovzhodna Slovenija,SI,3,SI037 - Jugovzhodna Slovenija
SI038,Primorsko-notranjska,SI,3,SI038 - Primorsko-notranjska
SI04,Zahodna Slovenija,SI,2,SI04 - Zahodna Slovenija
SI041,Osrednjeslovenska,SI,3,SI041 - Osrednjeslovenska
SI042,Gorenjska,SI,3,SI042 - Gorenjska
SI043,Goriška,SI,3,SI043 - Goriška
SI044,Obalno-kraška,SI,3,SI044 - Obalno-kraška
SK,SLOVENSKO,SK,0,SK - SLOVENSKO
SK0,SLOVENSKO,SK,1,SK0 - SLOVENSKO
SK01,Bratislavský kraj,SK,2,SK01 - Bratislavský kraj
SK010,Bratislavský kraj,SK,3,SK010 - Bratislavský kraj
SK02,Západné Slovensko,SK,2,SK02 - Západné Slovensko
SK021,Trnavský kraj,SK,3,SK021 - Trnavský kraj
SK022,Trenčiansky kraj,SK,3,SK022 - Trenčiansky kraj
SK023,Nitriansky kraj,SK,3,SK023 - Nitriansky kraj
SK03,Stredné Slovensko,SK,2,SK03 - Stredné Slovensko
SK031,Žilinský kraj,SK,3,SK031 - Žilinský kraj
SK032,Banskobystrický kraj,SK,3,SK032 - Banskobystrický kraj
SK04,Východné Slovensko,SK,2,SK04 - Východné Slovensko
SK041,Prešovský kraj,SK,3,SK041 - Prešovský kraj
SK042,Košický kraj,SK,3,SK042 - Košický kraj
TR,TÜRKIYE,TR,0,TR - TÜRKIYE
TR1,ISTANBUL,TR,1,TR1 - ISTANBUL
TR10,Istanbul,TR,2,TR10 - Istanbul
TR100,Istanbul,TR,3,TR100 - Istanbul
TR2,BATI MARMARA,TR,1,TR2 - BATI MARMARA
TR21,"Tekirdag, Edirne, Kirklareli",TR,2,"TR21 - Tekirdag, Edirne, Kirklareli"
TR211,Tekirdag,TR,3,TR211 - Tekirdag
TR212,Edirne,TR,3,TR212 - Edirne
TR213,Kirklareli,TR,3,TR213 - Kirklareli
TR22,"Balikesir, Çanakkale",TR,2,"TR22 - Balikesir, Çanakkale"
TR221,Balikesir,TR,3,TR221 - Balikesir
TR222,Çanakkale,TR,3,TR222 - Çanakkale
TR3,EGE,TR,1,TR3 - EGE
TR31,Izmir,TR,2,TR31 - Izmir
TR310,Izmir,TR,3,TR310 - Izmir
TR32,"Aydin, Denizli, Mugla",TR,2,"TR32 - Aydin, Denizli, Mugla"
TR321,Aydin,TR,3,TR321 - Aydin
TR322,Denizli,TR,3,TR322 - Denizli
TR323,Mugla,TR,3,TR323 - Mugla
TR33,"Manisa, Afyonkarahisar, Kütahya, Usak",TR,2,"TR33 - Manisa, Afyonkarahisar, Kütahya, Usak"
TR331,Manisa,TR,3,TR331 - Manisa
TR332,Afyon,TR,3,TR332 - Afyon
TR333,Kütahya,TR,3,TR333 - Kütahya
TR334,Usak,TR,3,TR334 - Usak
TR4,DOGU MARMARA,TR,1,TR4 - DOGU MARMARA
TR41,"Bursa, Eskisehir, Bilecik",TR,2,"TR41 - Bursa, Eskisehir, Bilecik"
TR411,Bursa,TR,3,TR411 - Bursa
TR412,Eskisehir,TR,3,TR412 - Eskisehir
TR413,Bilecik,TR,3,TR413 - Bilecik
TR42,"Kocaeli, Sakarya, Düzce, Bolu, Yalova",TR,2,"TR42 - Kocaeli, Sakarya, Düzce, Bolu, Yalova"
TR421,Kocaeli,TR,3,TR421 - Kocaeli
TR422,Sakarya,TR,3,TR422 - Sakarya
TR423,Düzce,TR,3,TR423 - Düzce
TR424,Bolu,TR,3,TR424 - Bolu
TR425,Yalova,TR,3,TR425 - Yalova
TR5,BATI ANADOLU,TR,1,TR5 - BATI ANADOLU
TR51,Ankara,TR,2,TR51 - Ankara
TR510,Ankara,TR,3,TR510 - Ankara
TR52,"Konya, Karaman",TR,2,"TR52 - Konya, Karaman"
TR521,Konya,TR,3,TR521 - Konya
TR522,Karaman,TR,3,TR522 - Karaman
TR6,AKDENIZ,TR,1,TR6 - AKDENIZ
TR61,"Antalya, Isparta, Burdur",TR,2,"TR61 - Antalya, Isparta, Burdur"
TR611,Antalya,TR,3,TR611 - Antalya
TR612,Isparta,TR,3,TR612 - Isparta
TR613,Burdur,TR,3,TR613 - Burdur
TR62,"Adana, Mersin",TR,2,"TR62 - Adana, Mersin"
TR621,Adana,TR,3,TR621 - Adana
TR622,Içel,TR,3,TR622 - Içel
TR63,"Hatay, Kahramanmaras, Osmaniye",TR,2,"TR63 - Hatay, Kahramanmaras, Osmaniye"
TR631,Hatay,TR,3,TR631 - Hatay
TR632,Kahramanmaras,TR,3,TR632 - Kahramanmaras
TR633,Osmaniye,TR,3,TR633 - Osmaniye
TR7,ORTA ANADOLU,TR,1,TR7 - ORTA ANADOLU
TR71,"Kirikkale, Aksaray, Nigde, Nevsehir, Kirsehir",TR,2,"TR71 - Kirikkale, Aksaray, Nigde, Nevsehir, Kirsehir"
TR711,Kirikkale,TR,3,TR711 - Kirikkale
TR712,Aksaray,TR,3,TR712 - Aksaray
TR713,Nigde,TR,3,TR713 - Nigde
TR714,Nevsehir,TR,3,TR714 - Nevsehir
TR715,Kirsehir,TR,3,TR715 - Kirsehir
TR72,"Kayseri, Sivas, Yozgat",TR,2,"TR72 - Kayseri, Sivas, Yozgat"
TR721,Kayseri,TR,3,TR721 - Kayseri
TR722,Sivas,TR,3,TR722 - Sivas
TR723,Yozgat,TR,3,TR723 - Yozgat
TR8,BATI KARADENIZ,TR,1,TR8 - BATI KARADENIZ
TR81,"Zonguldak, Karabük, Bartin",TR,2,"TR81 - Zonguldak, Karabük, Bartin"
TR811,Zonguldak,TR,3,TR811 - Zonguldak
TR812,Karabük,TR,3,TR812 - Karabük
TR813,Bartin,TR,3,TR813 - Bartin
TR82,"Kastamonu, Çankiri, Sinop",TR,2,"TR82 - Kastamonu, Çankiri, Sinop"
TR821,Kastamonu,TR,3,TR821 - Kastamonu
TR822,Çankiri,TR,3,TR822 - Çankiri
TR823,Sinop,TR,3,TR823 - Sinop
TR83,"Samsun, Tokat, Çorum, Amasya",TR,2,"TR83 - Samsun, Tokat, Çorum, Amasya"
TR831,Samsun,TR,3,TR831 - Samsun
TR832,Tokat,TR,3,TR832 - Tokat
TR833,Çorum,TR,3,TR833 - Çorum
TR834,Amasya,TR,3,TR834 - Amasya
TR9,DOGU KARADENIZ,TR,1,TR9 - DOGU KARADENIZ
TR90,Trabzon,TR,2,TR90 - Trabzon
TR901,Trabzon,TR,3,TR901 - Trabzon
TR902,Ordu,TR,3,TR902 - Ordu
TR903,Giresun,TR,3,TR903 - Giresun
TR904,Rize,TR,3,TR904 - Rize
TR905,Artvin,TR,3,TR905 - Artvin
TR906,Gümüshane,TR,3,TR906 - Gümüshane
TRA,KUZEYDOGU ANADOLU,TR,1,TRA - KUZEYDOGU ANADOLU
TRA1,"Erzurum, Erzincan, Bayburt",TR,2,"TRA1 - Erzurum, Erzincan, Bayburt"
TRA11,Erzurum,TR,3,TRA11 - Erzurum
TRA12,Erzincan,TR,3,TRA12 - Erzincan
TRA13,Bayburt,TR,3,TRA13 - Bayburt
TRA2,"Agri, Kars, Igdir, Ardahan",TR,2,"TRA2 - Agri, Kars, Igdir, Ardahan"
TRA21,Agri,TR,3,TRA21 - Agri
TRA22,Kars,TR,3,TRA22 - Kars
TRA23,Igdir,TR,3,TRA23 - Igdir
TRA24,Ardahan,TR,3,TRA24 - Ardahan
TRB,ORTADOGU ANADOLU,TR,1,TRB - ORTADOGU ANADOLU
TRB1,"Malatya, Elazig, Bingöl, Tunceli",TR,2,"TRB1 - Malatya, Elazig, Bingöl, Tunceli"
TRB11,Malatya,TR,3,TRB11 - Malatya
TRB12,Elazig,TR,3,TRB12 - Elazig
TRB13,Bingöl,TR,3,TRB13 - Bingöl
TRB14,Tunceli,TR,3,TRB14 - Tunceli
TRB2,"Van, Mus, Bitlis, Hakkari",TR,2,"TRB2 - Van, Mus, Bitlis, Hakkari"
TRB21,Van,TR,3,TRB21 - Van
TRB22,Mus,TR,3,TRB22 - Mus
TRB23,Bitlis,TR,3,TRB23 - Bitlis
TRB24,Hakkari,TR,3,TRB24 - Hakkari
TRC,GÜNEYDOGU ANADOLU,TR,1,TRC - GÜNEYDOGU ANADOLU
TRC1,"Gaziantep, Adiyaman, Kilis",TR,2,"TRC1 - Gaziantep, Adiyaman, Kilis"
TRC11,Gaziantep,TR,3,TRC11 - Gaziantep
TRC12,Adiyaman,TR,3,TRC12 - Adiyaman
TRC13,Kilis,TR,3,TRC13 - Kilis
TRC2,"Sanliurfa, Diyarbakir",TR,2,"TRC2 - Sanliurfa, Diyarbakir"
TRC21,Sanliurfa,TR,3,TRC21 - Sanliurfa
TRC22,Diyarbakir,TR,3,TRC22 - Diyarbakir
TRC3,"Mardin, Batman, Sirnak, Siirt",TR,2,"TRC3 - Mardin, Batman, Sirnak, Siirt"
TRC31,Mardin,TR,3,TRC31 - Mardin
TRC32,Batman,TR,3,TRC32 - Batman
TRC33,Sirnak,TR,3,TRC33 - Sirnak
TRC34,Siirt,TR,3,TRC34 - Siirt
UK,UNITED KINGDOM,UK,0,UK - UNITED KINGDOM
UKC,NORTH EAST (ENGLAND),UK,1,UKC - NORTH EAST (ENGLAND)
UKC1,Tees Valley and Durham,UK,2,UKC1 - Tees Valley and Durham
UKC11,Hartlepool and Stockton-on-Tees,UK,3,UKC11 - Hartlepool and Stockton-on-Tees
UKC12,South Teesside,UK,3,UKC12 - South Teesside
UKC13,Darlington,UK,3,UKC13 - Darlington
UKC14,Durham CC,UK,3,UKC14 - Durham CC
UKC2,Northumberland and Tyne and Wear,UK,2,UKC2 - Northumberland and Tyne and Wear
UKC21,Northumberland,UK,3,UKC21 - Northumberland
UKC22,Tyneside,UK,3,UKC22 - Tyneside
UKC23,Sunderland,UK,3,UKC23 - Sunderland
UKD,NORTH WEST (ENGLAND),UK,1,UKD - NORTH WEST (ENGLAND)
UKD1,Cumbria,UK,2,UKD1 - Cumbria
UKD11,West Cumbria,UK,3,UKD11 - West Cumbria
UKD12,East Cumbria,UK,3,UKD12 - East Cumbria
UKD3,Greater Manchester,UK,2,UKD3 - Greater Manchester
UKD33,Manchester,UK,3,UKD33 - Manchester
UKD34,Greater Manchester South West,UK,3,UKD34 - Greater Manchester South West
UKD35,Greater Manchester South East,UK,3,UKD35 - Greater Manchester South East
UKD36,Greater Manchester North West,UK,3,UKD36 - Greater Manchester North West
UKD37,Greater Manchester North East,UK,3,UKD37 - Greater Manchester North East
UKD4,Lancashire,UK,2,UKD4 - Lancashire
UKD41,Blackburn with Darwen,UK,3,UKD41 - Blackburn with Darwen
UKD42,Blackpool,UK,3,UKD42 - Blackpool
UKD44,Lancaster and Wyre,UK,3,UKD44 - Lancaster and Wyre
UKD45,Mid Lancashire,UK,3,UKD45 - Mid Lancashire
UKD46,East Lancashire,UK,3,UKD46 - East Lancashire
UKD47,Chorley and West Lancashire,UK,3,UKD47 - Chorley and West Lancashire
UKD6,Cheshire,UK,2,UKD6 - Cheshire
UKD61,Warrington,UK,3,UKD61 - Warrington
UKD62,Cheshire East,UK,3,UKD62 - Cheshire East
UKD63,Cheshire West and Chester,UK,3,UKD63 - Cheshire West and Chester
UKD7,Merseyside,UK,2,UKD7 - Merseyside
UKD71,East Merseyside,UK,3,UKD71 - East Merseyside
UKD72,Liverpool,UK,3,UKD72 - Liverpool
UKD73,Sefton,UK,3,UKD73 - Sefton
UKD74,Wirral,UK,3,UKD74 - Wirral
UKE,YORKSHIRE AND THE HUMBER,UK,1,UKE - YORKSHIRE AND THE HUMBER
UKE1,East Yorkshire and Northern Lincolnshire,UK,2,UKE1 - East Yorkshire and Northern Lincolnshire
UKE11,"Kingston upon Hull, City of",UK,3,"UKE11 - Kingston upon Hull, City of"
UKE12,East Riding of Yorkshire,UK,3,UKE12 - East Riding of Yorkshire
UKE13,North and North East Lincolnshire,UK,3,UKE13 - North and North East Lincolnshire
UKE2,North Yorkshire,UK,2,UKE2 - North Yorkshire
UKE21,York,UK,3,UKE21 - York
UKE22,North Yorkshire CC,UK,3,UKE22 - North Yorkshire CC
UKE3,South Yorkshire,UK,2,UKE3 - South Yorkshire
UKE31,"Barnsley, Doncaster and Rotherham",UK,3,"UKE31 - Barnsley, Doncaster and Rotherham"
UKE32,Sheffield,UK,3,UKE32 - Sheffield
UKE4,West Yorkshire,UK,2,UKE4 - West Yorkshire
UKE41,Bradford,UK,3,UKE41 - Bradford
UKE42,Leeds,UK,3,UKE42 - Leeds
UKE44,Calderdale and Kirklees,UK,3,UKE44 - Calderdale and Kirklees
UKE45,Wakefield,UK,3,UKE45 - Wakefield
UKF,EAST MIDLANDS (ENGLAND),UK,1,UKF - EAST MIDLANDS (ENGLAND)
UKF1,Derbyshire and Nottinghamshire,UK,2,UKF1 - Derbyshire and Nottinghamshire
UKF11,Derby,UK,3,UKF11 - Derby
UKF12,East Derbyshire,UK,3,UKF12 - East Derbyshire
UKF13,South and West Derbyshire,UK,3,UKF13 - South and West Derbyshire
UKF14,Nottingham,UK,3,UKF14 - Nottingham
UKF15,North Nottinghamshire,UK,3,UKF15 - North Nottinghamshire
UKF16,South Nottinghamshire,UK,3,UKF16 - South Nottinghamshire
UKF2,"Leicestershire, Rutland and Northamptonshire",UK,2,"UKF2 - Leicestershire, Rutland and Northamptonshire"
UKF21,Leicester,UK,3,UKF21 - Leicester
UKF22,Leicestershire CC and Rutland,UK,3,UKF22 - Leicestershire CC and Rutland
UKF24,West Northamptonshire,UK,3,UKF24 - West Northamptonshire
UKF25,North Northamptonshire,UK,3,UKF25 - North Northamptonshire
UKF3,Lincolnshire,UK,2,UKF3 - Lincolnshire
UKF30,Lincolnshire,UK,3,UKF30 - Lincolnshire
UKG,WEST MIDLANDS (ENGLAND),UK,1,UKG - WEST MIDLANDS (ENGLAND)
UKG1,"Herefordshire, Worcestershire and Warwickshire",UK,2,"UKG1 - Herefordshire, Worcestershire and Warwickshire"
UKG11,"Herefordshire, County of",UK,3,"UKG11 - Herefordshire, County of"
UKG12,Worcestershire,UK,3,UKG12 - Worcestershire
UKG13,Warwickshire,UK,3,UKG13 - Warwickshire
UKG2,Shropshire and Staffordshire,UK,2,UKG2 - Shropshire and Staffordshire
UKG21,Telford and Wrekin,UK,3,UKG21 - Telford and Wrekin
UKG22,Shropshire CC,UK,3,UKG22 - Shropshire CC
UKG23,Stoke-on-Trent,UK,3,UKG23 - Stoke-on-Trent
UKG24,Staffordshire CC,UK,3,UKG24 - Staffordshire CC
UKG3,West Midlands,UK,2,UKG3 - West Midlands
UKG31,Birmingham,UK,3,UKG31 - Birmingham
UKG32,Solihull,UK,3,UKG32 - Solihull
UKG33,Coventry,UK,3,UKG33 - Coventry
UKG36,Dudley,UK,3,UKG36 - Dudley
UKG37,Sandwell,UK,3,UKG37 - Sandwell
UKG38,Walsall,UK,3,UKG38 - Walsall
UKG39,Wolverhampton,UK,3,UKG39 - Wolverhampton
UKH,EAST OF ENGLAND,UK,1,UKH - EAST OF ENGLAND
UKH1,East Anglia,UK,2,UKH1 - East Anglia
UKH11,Peterborough,UK,3,UKH11 - Peterborough
UKH12,Cambridgeshire CC,UK,3,UKH12 - Cambridgeshire CC
UKH14,Suffolk,UK,3,UKH14 - Suffolk
UKH15,Norwich and East Norfolk,UK,3,UKH15 - Norwich and East Norfolk
UKH16,North and West Norfolk,UK,3,UKH16 - North and West Norfolk
UKH17,Breckland and South Norfolk,UK,3,UKH17 - Breckland and South Norfolk
UKH2,Bedfordshire and Hertfordshire,UK,2,UKH2 - Bedfordshire and Hertfordshire
UKH21,Luton,UK,3,UKH21 - Luton
UKH23,Hertfordshire,UK,3,UKH23 - Hertfordshire
UKH24,Bedford,UK,3,UKH24 - Bedford
UKH25,Central Bedfordshire,UK,3,UKH25 - Central Bedfordshire
UKH3,Essex,UK,2,UKH3 - Essex
UKH31,Southend-on-Sea,UK,3,UKH31 - Southend-on-Sea
UKH32,Thurrock,UK,3,UKH32 - Thurrock
UKH34,Essex Haven Gateway,UK,3,UKH34 - Essex Haven Gateway
UKH35,West Essex,UK,3,UKH35 - West Essex
UKH36,Heart of Essex,UK,3,UKH36 - Heart of Essex
UKH37,Essex Thames Gateway,UK,3,UKH37 - Essex Thames Gateway
UKI,LONDON,UK,1,UKI - LONDON
UKI3,Inner London - West,UK,2,UKI3 - Inner London - West
UKI31,Camden and City of London,UK,3,UKI31 - Camden and City of London
UKI32,Westminster,UK,3,UKI32 - Westminster
UKI33,Kensington & Chelsea and Hammersmith & Fulham,UK,3,UKI33 - Kensington & Chelsea and Hammersmith & Fulham
UKI34,Wandsworth,UK,3,UKI34 - Wandsworth
UKI4,Inner London - East,UK,2,UKI4 - Inner London - East
UKI41,Hackney and Newham,UK,3,UKI41 - Hackney and Newham
UKI42,Tower Hamlets,UK,3,UKI42 - Tower Hamlets
UKI43,Haringey and Islington,UK,3,UKI43 - Haringey and Islington
UKI44,Lewisham and Southwark,UK,3,UKI44 - Lewisham and Southwark
UKI45,Lambeth,UK,3,UKI45 - Lambeth
UKI5,Outer London - East and North East,UK,2,UKI5 - Outer London - East and North East
UKI51,Bexley and Greenwich,UK,3,UKI51 - Bexley and Greenwich
UKI52,Barking & Dagenham and Havering,UK,3,UKI52 - Barking & Dagenham and Havering
UKI53,Redbridge and Waltham Forest,UK,3,UKI53 - Redbridge and Waltham Forest
UKI54,Enfield,UK,3,UKI54 - Enfield
UKI6,Outer London - South,UK,2,UKI6 - Outer London - South
UKI61,Bromley,UK,3,UKI61 - Bromley
UKI62,Croydon,UK,3,UKI62 - Croydon
UKI63,"Merton, Kingston upon Thames and Sutton",UK,3,"UKI63 - Merton, Kingston upon Thames and Sutton"
UKI7,Outer London - West and North West,UK,2,UKI7 - Outer London - West and North West
UKI71,Barnet,UK,3,UKI71 - Barnet
UKI72,Brent,UK,3,UKI72 - Brent
UKI73,Ealing,UK,3,UKI73 - Ealing
UKI74,Harrow and Hillingdon,UK,3,UKI74 - Harrow and Hillingdon
UKI75,Hounslow and Richmond upon Thames,UK,3,UKI75 - Hounslow and Richmond upon Thames
UKJ,SOUTH EAST (ENGLAND),UK,1,UKJ - SOUTH EAST (ENGLAND)
UKJ1,"Berkshire, Buckinghamshire and Oxfordshire",UK,2,"UKJ1 - Berkshire, Buckinghamshire and Oxfordshire"
UKJ11,Berkshire,UK,3,UKJ11 - Berkshire
UKJ12,Milton Keynes,UK,3,UKJ12 - Milton Keynes
UKJ13,Buckinghamshire CC,UK,3,UKJ13 - Buckinghamshire CC
UKJ14,Oxfordshire,UK,3,UKJ14 - Oxfordshire
UKJ2,"Surrey, East and West Sussex",UK,2,"UKJ2 - Surrey, East and West Sussex"
UKJ21,Brighton and Hove,UK,3,UKJ21 - Brighton and Hove
UKJ22,East Sussex CC,UK,3,UKJ22 - East Sussex CC
UKJ25,West Surrey,UK,3,UKJ25 - West Surrey
UKJ26,East Surrey,UK,3,UKJ26 - East Surrey
UKJ27,West Sussex (South West),UK,3,UKJ27 - West Sussex (South West)
UKJ28,West Sussex (North East),UK,3,UKJ28 - West Sussex (North East)
UKJ3,Hampshire and Isle of Wight,UK,2,UKJ3 - Hampshire and Isle of Wight
UKJ31,Portsmouth,UK,3,UKJ31 - Portsmouth
UKJ32,Southampton,UK,3,UKJ32 - Southampton
UKJ34,Isle of Wight,UK,3,UKJ34 - Isle of Wight
UKJ35,South Hampshire,UK,3,UKJ35 - South Hampshire
UKJ36,Central Hampshire,UK,3,UKJ36 - Central Hampshire
UKJ37,North Hampshire,UK,3,UKJ37 - North Hampshire
UKJ4,Kent,UK,2,UKJ4 - Kent
UKJ41,Medway,UK,3,UKJ41 - Medway
UKJ43,Kent Thames Gateway,UK,3,UKJ43 - Kent Thames Gateway
UKJ44,East Kent,UK,3,UKJ44 - East Kent
UKJ45,Mid Kent,UK,3,UKJ45 - Mid Kent
UKJ46,West Kent,UK,3,UKJ46 - West Kent
UKK,SOUTH WEST (ENGLAND),UK,1,UKK - SOUTH WEST (ENGLAND)
UKK1,"Gloucestershire, Wiltshire and Bristol/Bath area",UK,2,"UKK1 - Gloucestershire, Wiltshire and Bristol/Bath area"
UKK11,"Bristol, City of",UK,3,"UKK11 - Bristol, City of"
UKK12,"Bath and North East Somerset, North Somerset and South Gloucestershire",UK,3,"UKK12 - Bath and North East Somerset, North Somerset and South Gloucestershire"
UKK13,Gloucestershire,UK,3,UKK13 - Gloucestershire
UKK14,Swindon,UK,3,UKK14 - Swindon
UKK15,Wiltshire CC,UK,3,UKK15 - Wiltshire CC
UKK2,Dorset and Somerset,UK,2,UKK2 - Dorset and Somerset
UKK21,Bournemouth and Poole,UK,3,UKK21 - Bournemouth and Poole
UKK22,Dorset CC,UK,3,UKK22 - Dorset CC
UKK23,Somerset,UK,3,UKK23 - Somerset
UKK3,Cornwall and Isles of Scilly,UK,2,UKK3 - Cornwall and Isles of Scilly
UKK30,Cornwall and Isles of Scilly,UK,3,UKK30 - Cornwall and Isles of Scilly
UKK4,Devon,UK,2,UKK4 - Devon
UKK41,Plymouth,UK,3,UKK41 - Plymouth
UKK42,Torbay,UK,3,UKK42 - Torbay
UKK43,Devon CC,UK,3,UKK43 - Devon CC
UKL,WALES,UK,1,UKL - WALES
UKL1,West Wales and The Valleys,UK,2,UKL1 - West Wales and The Valleys
UKL11,Isle of Anglesey,UK,3,UKL11 - Isle of Anglesey
UKL12,Gwynedd,UK,3,UKL12 - Gwynedd
UKL13,Conwy and Denbighshire,UK,3,UKL13 - Conwy and Denbighshire
UKL14,South West Wales,UK,3,UKL14 - South West Wales
UKL15,Central Valleys,UK,3,UKL15 - Central Valleys
UKL16,Gwent Valleys,UK,3,UKL16 - Gwent Valleys
UKL17,Bridgend and Neath Port Talbot,UK,3,UKL17 - Bridgend and Neath Port Talbot
UKL18,Swansea,UK,3,UKL18 - Swansea
UKL2,East Wales,UK,2,UKL2 - East Wales
UKL21,Monmouthshire and Newport,UK,3,UKL21 - Monmouthshire and Newport
UKL22,Cardiff and Vale of Glamorgan,UK,3,UKL22 - Cardiff and Vale of Glamorgan
UKL23,Flintshire and Wrexham,UK,3,UKL23 - Flintshire and Wrexham
UKL24,Powys,UK,3,UKL24 - Powys
UKM,SCOTLAND,UK,1,UKM - SCOTLAND
UKM5,North Eastern Scotland,UK,2,UKM5 - North Eastern Scotland
UKM50,Aberdeen City and Aberdeenshire,UK,3,UKM50 - Aberdeen City and Aberdeenshire
UKM6,Highlands and Islands,UK,2,UKM6 - Highlands and Islands
UKM61,Caithness & Sutherland and Ross & Cromarty,UK,3,UKM61 - Caithness & Sutherland and Ross & Cromarty
UKM62,"Inverness & Nairn and Moray, Badenoch & Strathspey",UK,3,"UKM62 - Inverness & Nairn and Moray, Badenoch & Strathspey"
UKM63,"Lochaber, Skye & Lochalsh, Arran & Cumbrae and Argyll & Bute",UK,3,"UKM63 - Lochaber, Skye & Lochalsh, Arran & Cumbrae and Argyll & Bute"
UKM64,Na h-Eileanan Siar (Western Isles),UK,3,UKM64 - Na h-Eileanan Siar (Western Isles)
UKM65,Orkney Islands,UK,3,UKM65 - Orkney Islands
UKM66,Shetland Islands,UK,3,UKM66 - Shetland Islands
UKM7,Eastern Scotland,UK,2,UKM7 - Eastern Scotland
UKM71,Angus and Dundee City,UK,3,UKM71 - Angus and Dundee City
UKM72,Clackmannanshire and Fife,UK,3,UKM72 - Clackmannanshire and Fife
UKM73,East Lothian and Midlothian,UK,3,UKM73 - East Lothian and Midlothian
UKM75,"Edinburgh, City of",UK,3,"UKM75 - Edinburgh, City of"
UKM76,Falkirk,UK,3,UKM76 - Falkirk
UKM77,Perth & Kinross and Stirling,UK,3,UKM77 - Perth & Kinross and Stirling
UKM78,West Lothian,UK,3,UKM78 - West Lothian
UKM8,West Central Scotland,UK,2,UKM8 - West Central Scotland
UKM81,"East Dunbartonshire, West Dunbartonshire and Helensburgh & Lomond",UK,3,"UKM81 - East Dunbartonshire, West Dunbartonshire and Helensburgh & Lomond"
UKM82,Glasgow City,UK,3,UKM82 - Glasgow City
UKM83,"Inverclyde, East Renfrewshire and Renfrewshire",UK,3,"UKM83 - Inverclyde, East Renfrewshire and Renfrewshire"
UKM84,North Lanarkshire,UK,3,UKM84 - North Lanarkshire
UKM9,Southern Scotland,UK,2,UKM9 - Southern Scotland
UKM91,Scottish Borders,UK,3,UKM91 - Scottish Borders
UKM92,Dumfries & Galloway,UK,3,UKM92 - Dumfries & Galloway
UKM93,East Ayrshire and North Ayrshire mainland,UK,3,UKM93 - East Ayrshire and North Ayrshire mainland
UKM94,South Ayrshire,UK,3,UKM94 - South Ayrshire
UKM95,South Lanarkshire,UK,3,UKM95 - South Lanarkshire
UKN,NORTHERN IRELAND,UK,1,UKN - NORTHERN IRELAND
UKN0,Northern Ireland,UK,2,UKN0 - Northern Ireland
UKN06,Belfast,UK,3,UKN06 - Belfast
UKN07,"Armagh City, Banbridge and Craigavon",UK,3,"UKN07 - Armagh City, Banbridge and Craigavon"
UKN08,"Newry, Mourne and Down",UK,3,"UKN08 - Newry, Mourne and Down"
UKN09,Ards and North Down,UK,3,UKN09 - Ards and North Down
UKN10,Derry City and Strabane,UK,3,UKN10 - Derry City and Strabane
UKN11,Mid Ulster,UK,3,UKN11 - Mid Ulster
UKN12,Causeway Coast and Glens,UK,3,UKN12 - Causeway Coast and Glens
UKN13,Antrim and Newtownabbey,UK,3,UKN13 - Antrim and Newtownabbey
UKN14,Lisburn and Castlereagh,UK,3,UKN14 - Lisburn and Castlereagh
UKN15,Mid and East Antrim,UK,3,UKN15 - Mid and East Antrim
UKN16,Fermanagh and Omagh,UK,3,UKN16 - Fermanagh and Omagh
